rank,word,length,language
7,that,4,english
12,with,4,english
24,which,5,english
25,have,4,english
27,from,4,english
28,this,4,english
33,they,4,english
34,were,4,english
39,their,5,english
42,said,4,english
43,them,4,english
46,would,5,english
47,been,4,english
48,will,4,english
50,when,4,english
51,there,5,english
53,more,4,english
56,into,4,english
59,your,4,english
60,what,4,english
63,could,5,english
64,other,5,english
65,than,4,english
67,some,4,english
68,very,4,english
69,time,4,english
70,upon,4,english
71,about,5,english
74,only,4,english
76,like,4,english
77,little,6,english
78,then,4,english
80,should,6,english
81,made,4,english
84,such,4,english
86,great,5,english
87,before,6,english
88,must,4,english
90,these,5,english
92,know,4,english
93,over,4,english
94,much,4,english
95,down,4,english
96,after,5,english
97,first,5,english
99,good,4,english
102,never,5,english
103,most,4,english
105,shall,5,english
107,where,5,english
108,those,5,english
109,came,4,english
110,come,4,english
111,himself,7,english
113,work,4,english
114,life,4,english
115,without,7,english
117,make,4,english
118,well,4,english
119,through,7,english
120,being,5,english
121,long,4,english
123,might,5,english
127,even,4,english
129,again,5,english
130,many,4,english
131,back,4,english
132,here,4,english
133,think,5,english
134,every,5,english
135,people,6,english
136,went,4,english
137,same,4,english
138,last,4,english
139,thought,7,english
140,away,4,english
141,under,5,english
142,take,4,english
143,found,5,english
144,hand,4,english
145,eyes,4,english
146,still,5,english
147,place,5,english
148,while,5,english
149,just,4,english
150,also,4,english
151,young,5,english
153,though,6,english
154,against,7,english
155,things,6,english
157,ever,4,english
158,give,4,english
160,years,5,english
162,face,4,english
163,nothing,7,english
164,right,5,english
165,once,4,english
166,another,7,english
167,left,4,english
168,part,4,english
170,house,5,english
171,world,5,english
172,head,4,english
173,three,5,english
174,took,4,english
176,love,4,english
177,always,6,english
180,night,5,english
181,each,4,english
182,king,4,english
183,between,7,english
184,tell,4,english
185,mind,4,english
186,heart,5,english
188,because,7,english
189,thing,5,english
190,whom,4,english
192,seemed,6,english
193,looked,6,english
194,called,6,english
195,whole,5,english
198,both,4,english
200,find,4,english
201,done,4,english
202,heard,5,english
203,look,4,english
204,name,4,english
205,days,4,english
206,told,4,english
208,lord,4,english
209,country,7,english
210,asked,5,english
211,going,5,english
212,seen,4,english
213,better,6,english
215,having,6,english
216,home,4,english
217,knew,4,english
218,side,4,english
219,something,9,english
220,moment,6,english
221,father,6,english
222,among,5,english
223,course,6,english
224,hands,5,english
225,woman,5,english
226,enough,6,english
227,words,5,english
228,mother,6,english
229,soon,4,english
230,full,4,english
232,gave,4,english
233,room,4,english
234,almost,6,english
235,small,5,english
236,thou,4,english
237,cannot,6,english
238,water,5,english
239,want,4,english
240,however,7,english
241,light,5,english
242,quite,5,english
243,brought,7,english
245,word,4,english
246,whose,5,english
247,given,5,english
248,door,4,english
249,best,4,english
250,turned,6,english
251,taken,5,english
252,does,4,english
254,morning,7,english
255,myself,6,english
256,Gutenberg,9,english
257,felt,4,english
258,until,5,english
259,since,5,english
260,power,5,english
261,themselves,10,english
262,used,4,english
263,rather,6,english
264,began,5,english
265,present,7,english
266,voice,5,english
267,others,6,english
268,white,5,english
269,works,5,english
270,less,4,english
271,money,5,english
272,next,4,english
273,poor,4,english
274,death,5,english
275,stood,5,english
276,form,4,english
277,within,6,english
278,together,8,english
279,till,4,english
281,large,5,english
282,matter,6,english
283,kind,4,english
284,often,5,english
285,certain,7,english
286,herself,7,english
287,year,4,english
288,friend,6,english
289,half,4,english
290,order,5,english
291,round,5,english
292,true,4,english
293,anything,8,english
294,keep,4,english
295,sent,4,english
296,wife,4,english
297,means,5,english
298,believe,7,english
299,passed,6,english
300,feet,4,english
301,near,4,english
302,public,6,english
303,state,5,english
305,hundred,7,english
306,children,8,english
307,thus,4,english
308,hope,4,english
309,alone,5,english
310,above,5,english
311,case,4,english
312,dear,4,english
313,thee,4,english
314,says,4,english
315,person,6,english
316,high,4,english
317,read,4,english
318,city,4,english
319,already,7,english
320,received,8,english
321,fact,4,english
322,gone,4,english
323,girl,4,english
324,known,5,english
325,hear,4,english
326,times,5,english
327,least,5,english
328,perhaps,7,english
329,sure,4,english
330,indeed,6,english
331,english,7,english
332,open,4,english
333,body,4,english
334,itself,6,english
335,along,5,english
336,land,4,english
337,return,6,english
338,leave,5,english
340,nature,6,english
341,answered,8,english
342,either,6,english
344,help,4,english
346,point,5,english
347,child,5,english
348,letter,6,english
349,four,4,english
350,wish,4,english
351,fire,4,english
352,cried,5,english
354,women,5,english
355,speak,5,english
356,number,6,english
357,therefore,9,english
358,hour,4,english
359,friends,7,english
360,held,4,english
361,free,4,english
363,during,6,english
364,several,7,english
365,business,8,english
366,whether,7,english
368,manner,6,english
369,second,6,english
370,reason,6,english
371,replied,7,english
372,united,6,english
373,call,4,english
374,general,7,english
376,behind,6,english
377,became,6,english
378,john,4,english
379,become,6,english
380,dead,4,english
381,earth,5,english
383,lost,4,english
384,forth,5,english
385,thousand,8,english
386,looking,7,english
388,family,6,english
389,soul,4,english
390,feel,4,english
391,coming,6,english
392,England,7,english
393,spirit,6,english
394,question,8,english
395,care,4,english
396,truth,5,english
397,ground,6,english
398,really,6,english
399,rest,4,english
400,mean,4,english
401,different,9,english
402,making,6,english
403,possible,8,english
404,fell,4,english
405,towards,7,english
406,human,5,english
407,kept,4,english
408,short,5,english
409,town,4,english
410,following,9,english
411,need,4,english
412,cause,5,english
414,evening,7,english
415,returned,8,english
416,five,4,english
417,strong,6,english
418,able,4,english
419,french,6,english
420,live,4,english
421,lady,4,english
422,subject,7,english
424,answer,6,english
426,fear,4,english
427,understand,10,english
428,hard,4,english
429,terms,5,english
430,doubt,5,english
431,around,6,english
433,arms,4,english
434,turn,4,english
435,sense,5,english
436,seems,5,english
437,black,5,english
438,bring,5,english
439,followed,8,english
440,beautiful,9,english
441,close,5,english
442,dark,4,english
443,hold,4,english
444,character,9,english
445,sort,4,english
446,sight,5,english
448,show,4,english
449,party,5,english
450,fine,4,english
452,ready,5,english
453,story,5,english
454,common,6,english
455,book,4,english
456,electronic,10,english
457,talk,4,english
458,account,7,english
459,mark,4,english
460,interest,8,english
461,written,7,english
464,necessary,9,english
466,else,4,english
467,force,5,english
468,idea,4,english
469,longer,6,english
471,spoke,5,english
472,across,6,english
473,brother,7,english
474,early,5,english
475,ought,5,english
476,sometimes,9,english
477,line,4,english
478,saying,6,english
479,table,5,english
480,appeared,8,english
481,river,5,english
482,continued,9,english
486,information,11,english
487,later,5,english
488,everything,10,english
489,reached,7,english
490,suddenly,8,english
491,past,4,english
492,hours,5,english
493,strange,7,english
494,deep,4,english
495,change,6,english
496,miles,5,english
497,feeling,7,english
499,meet,4,english
500,paid,4,english
501,further,7,english
502,purpose,7,english
503,happy,5,english
504,added,5,english
505,seem,4,english
506,taking,6,english
507,blood,5,english
508,rose,4,english
509,south,5,english
510,beyond,6,english
511,cold,4,english
512,neither,7,english
513,forward,7,english
514,view,4,english
516,position,8,english
517,sound,5,english
518,none,4,english
519,entered,7,english
520,clear,5,english
521,road,4,english
522,late,4,english
523,stand,5,english
524,suppose,7,english
526,daughter,8,english
527,real,4,english
528,nearly,6,english
529,mine,4,english
530,laws,4,english
531,knowledge,9,english
532,comes,5,english
533,toward,6,english
536,copy,4,english
537,husband,7,english
539,France,6,english
540,living,6,english
541,peace,5,english
544,north,5,english
545,remember,8,english
546,effect,6,english
547,natural,7,english
548,pretty,6,english
549,fall,4,english
550,fair,4,english
551,service,7,english
552,below,5,english
553,except,6,english
554,American,8,english
555,hair,4,english
556,London,6,english
557,laid,4,english
558,pass,4,english
560,copyright,9,english
561,doing,5,english
562,army,4,english
564,horse,5,english
565,future,6,english
566,opened,6,english
567,pleasure,8,english
568,history,7,english
569,west,4,english
574,hath,4,english
575,note,4,english
576,although,8,english
577,wanted,6,english
578,gold,4,english
579,makes,5,english
580,desire,6,english
581,play,4,english
582,master,6,english
583,office,6,english
584,tried,5,english
585,front,5,english
588,lived,5,english
589,certainly,9,english
590,wind,4,english
591,receive,7,english
592,attention,9,english
593,government,10,english
594,unto,4,english
595,church,6,english
596,strength,8,english
597,length,6,english
598,company,7,english
599,placed,6,english
600,paper,5,english
601,letters,7,english
602,probably,8,english
603,glad,4,english
604,important,9,english
605,especially,10,english
606,greater,7,english
607,yourself,8,english
608,fellow,6,english
609,bear,4,english
610,opinion,7,english
611,window,6,english
613,faith,5,english
615,agreement,9,english
616,charge,6,english
617,beauty,6,english
618,lips,4,english
619,remained,8,english
621,latter,6,english
622,duty,4,english
623,send,4,english
624,distance,8,english
625,silence,7,english
626,foot,4,english
627,wild,4,english
628,object,6,english
630,save,4,english
631,gentleman,9,english
632,trees,5,english
633,green,5,english
634,trouble,7,english
635,smile,5,english
636,books,5,english
637,wrong,5,english
638,various,7,english
639,sleep,5,english
640,persons,7,english
641,blockquote,10,english
642,happened,8,english
643,particular,10,english
644,drew,4,english
645,minutes,7,english
646,hardly,6,english
647,walked,6,english
648,chief,5,english
649,chance,6,english
650,according,9,english
651,beginning,9,english
652,action,6,english
653,deal,4,english
654,loved,5,english
655,visit,5,english
656,thinking,8,english
657,follow,6,english
658,standing,8,english
659,knows,5,english
661,presence,8,english
662,heavy,5,english
663,sweet,5,english
664,plain,5,english
665,donations,9,english
666,immediately,11,english
667,wrote,5,english
668,mouth,5,english
669,rich,4,english
670,thoughts,8,english
671,months,6,english
674,afraid,6,english
675,Paris,5,english
676,single,6,english
678,enemy,5,english
679,broken,6,english
680,unless,6,english
681,states,6,english
682,ship,4,english
683,condition,9,english
684,carry,5,english
685,exclaimed,9,english
686,including,9,english
687,filled,6,english
688,seeing,6,english
689,influence,9,english
690,write,5,english
691,boys,4,english
692,appear,6,english
693,outside,7,english
694,secret,6,english
695,parts,5,english
696,please,6,english
697,appearance,10,english
698,evil,4,english
699,march,5,english
700,George,6,english
701,whatever,8,english
702,slowly,6,english
703,tears,5,english
704,horses,6,english
705,places,6,english
706,caught,6,english
707,stay,4,english
708,instead,7,english
709,struck,6,english
710,blue,4,english
711,York,4,english
712,impossible,10,english
713,period,6,english
714,sister,6,english
715,battle,6,english
716,school,6,english
717,Mary,4,english
718,raised,6,english
719,occasion,8,english
720,married,7,english
722,former,6,english
723,food,4,english
724,youth,5,english
725,learned,7,english
726,merely,6,english
727,reach,5,english
728,system,6,english
729,twenty,6,english
730,dinner,6,english
731,quiet,5,english
732,easily,6,english
733,moved,5,english
734,afterwards,10,english
735,giving,6,english
736,walk,4,english
737,stopped,7,english
738,laughed,7,english
739,language,8,english
740,expression,10,english
741,week,4,english
742,hall,4,english
743,danger,6,english
744,property,8,english
745,wonder,6,english
746,usual,5,english
747,figure,6,english
748,born,4,english
749,court,5,english
750,generally,9,english
751,grew,4,english
752,showed,6,english
753,getting,7,english
754,ancient,7,english
755,respect,7,english
756,third,5,english
757,worth,5,english
758,simple,6,english
759,tree,4,english
760,leaving,7,english
761,remain,6,english
762,society,7,english
763,fight,5,english
764,wall,4,english
765,result,6,english
766,heaven,6,english
767,William,7,english
768,started,7,english
769,command,7,english
770,tone,4,english
771,regard,6,english
772,expected,8,english
773,mere,4,english
774,month,5,english
775,beside,6,english
776,silent,6,english
777,perfect,7,english
778,experience,10,english
779,street,6,english
780,writing,7,english
781,goes,4,english
782,circumstances,13,english
783,entirely,8,english
784,fresh,5,english
785,duke,4,english
786,covered,7,english
787,bound,5,english
788,east,4,english
789,wood,4,english
790,stone,5,english
791,quickly,7,english
792,notice,6,english
793,bright,6,english
794,Christ,6,english
795,boat,4,english
796,noble,5,english
797,meant,5,english
798,somewhat,8,english
799,sudden,6,english
800,value,5,english
802,direction,9,english
803,chair,5,english
805,support,7,english
807,date,4,english
808,waiting,7,english
809,Christian,9,english
810,village,7,english
811,lives,5,english
812,reading,7,english
813,agree,5,english
814,lines,5,english
815,considered,10,english
816,field,5,english
817,observed,8,english
818,scarcely,8,english
819,wished,6,english
820,wait,4,english
821,greatest,8,english
822,permission,10,english
823,success,7,english
824,piece,5,english
825,British,7,english
827,Charles,7,english
828,formed,6,english
829,speaking,8,english
830,trying,6,english
831,conversation,12,english
832,proper,6,english
833,hill,4,english
834,music,5,english
835,opportunity,11,english
837,German,6,english
838,afternoon,9,english
840,cost,4,english
841,allowed,7,english
842,girls,5,english
843,considerable,12,english
845,broke,5,english
846,honour,6,english
847,seven,5,english
848,private,7,english
850,news,4,english
852,scene,5,english
853,discovered,10,english
854,marriage,8,english
855,step,4,english
856,garden,6,english
857,race,4,english
858,begin,5,english
860,individual,10,english
861,sitting,7,english
862,learn,5,english
863,political,9,english
864,difficult,9,english
866,speech,6,english
867,Henry,5,english
869,cast,4,english
871,authority,9,english
873,floor,5,english
875,ways,4,english
876,officers,8,english
877,offered,7,english
878,original,8,english
879,happiness,9,english
880,flowers,7,english
881,produced,8,english
882,summer,6,english
883,provide,7,english
884,study,5,english
885,religion,8,english
886,picture,7,english
887,walls,5,english
888,personal,8,english
889,America,7,english
890,watch,5,english
891,pleased,7,english
892,leaves,6,english
893,declared,8,english
895,understood,10,english
896,effort,6,english
897,prepared,8,english
898,escape,6,english
899,attempt,7,english
900,supposed,8,english
901,killed,6,english
902,fast,4,english
903,author,6,english
904,Indian,6,english
905,brown,5,english
906,determined,10,english
907,pain,4,english
908,spring,6,english
909,takes,5,english
910,drawn,5,english
911,soldiers,8,english
912,houses,6,english
913,beneath,7,english
914,talking,7,english
915,turning,7,english
916,century,7,english
917,steps,5,english
918,intended,8,english
919,soft,4,english
920,straight,8,english
921,matters,7,english
922,likely,6,english
923,corner,6,english
924,trademark,9,english
925,justice,7,english
926,simply,6,english
927,produce,7,english
928,trust,5,english
929,appears,7,english
930,Rome,4,english
931,laugh,5,english
932,forget,6,english
933,Europe,6,english
934,passage,7,english
935,eight,5,english
936,closed,6,english
937,ourselves,9,english
938,gives,5,english
939,dress,5,english
940,passing,7,english
941,terrible,8,english
942,required,8,english
943,medium,6,english
944,efforts,7,english
945,sake,4,english
946,breath,6,english
947,wise,4,english
948,ladies,6,english
949,possession,10,english
950,pleasant,8,english
951,perfectly,9,english
953,memory,6,english
954,usually,7,english
955,grave,5,english
956,fixed,5,english
957,modern,6,english
958,spot,4,english
959,troops,6,english
960,rise,4,english
961,break,5,english
962,fifty,5,english
963,island,6,english
964,meeting,7,english
965,camp,4,english
966,nation,6,english
967,existence,9,english
968,reply,5,english
970,copies,6,english
972,touch,5,english
973,equal,5,english
974,fortune,7,english
976,shore,5,english
977,domain,6,english
978,named,5,english
979,situation,9,english
980,looks,5,english
981,promise,7,english
982,orders,6,english
983,degree,6,english
984,middle,6,english
985,winter,6,english
986,plan,4,english
987,spent,5,english
988,allow,5,english
989,pale,4,english
990,conduct,7,english
991,running,7,english
992,religious,9,english
993,surprise,8,english
994,minute,6,english
995,roman,5,english
996,cases,5,english
997,shot,4,english
998,lead,4,english
999,move,4,english
1000,names,5,english
1001,stop,4,english
1002,higher,6,english
1005,threw,5,english
1006,worse,5,english
1007,built,5,english
1008,spoken,6,english
1009,glass,5,english
1010,board,5,english
1011,vain,4,english
1012,affairs,7,english
1013,instance,8,english
1014,safe,4,english
1015,loss,4,english
1016,doctor,6,english
1017,offer,5,english
1018,class,5,english
1019,complete,8,english
1020,access,6,english
1021,lower,5,english
1023,repeated,8,english
1024,forms,5,english
1025,darkness,8,english
1026,military,8,english
1027,warm,4,english
1028,drink,5,english
1029,passion,7,english
1030,ones,4,english
1031,physical,8,english
1032,example,7,english
1033,ears,4,english
1034,questions,9,english
1035,start,5,english
1036,lying,5,english
1037,smiled,6,english
1038,keeping,7,english
1039,spite,5,english
1040,shown,5,english
1041,directly,8,english
1042,james,5,english
1043,hart,4,english
1044,serious,7,english
1047,silver,6,english
1048,sufficient,10,english
1049,main,4,english
1050,mentioned,9,english
1051,servant,7,english
1052,pride,5,english
1053,crowd,5,english
1054,train,5,english
1055,wonderful,9,english
1056,moral,5,english
1057,instant,7,english
1058,associated,10,english
1059,path,4,english
1060,greek,5,english
1061,meaning,7,english
1063,ordered,7,english
1066,proved,6,english
1067,obliged,7,english
1068,enter,5,english
1069,rule,4,english
1070,sword,5,english
1071,attack,6,english
1072,seat,4,english
1073,game,4,english
1074,health,6,english
1075,paragraph,9,english
1076,statement,9,english
1077,social,6,english
1078,refund,6,english
1079,sorry,5,english
1080,courage,7,english
1081,members,7,english
1082,grace,5,english
1083,official,8,english
1084,dream,5,english
1085,worthy,6,english
1086,rock,4,english
1087,jack,4,english
1088,provided,8,english
1089,special,7,english
1090,shook,5,english
1091,request,7,english
1092,mighty,6,english
1093,glance,6,english
1094,heads,5,english
1095,movement,8,english
1097,share,5,english
1098,expect,6,english
1100,dollars,7,english
1101,spread,6,english
1102,opposite,8,english
1103,glory,5,english
1104,twelve,6,english
1105,space,5,english
1106,engaged,7,english
1107,peter,5,english
1108,wine,4,english
1109,ordinary,8,english
1110,mountains,9,english
1111,taste,5,english
1112,iron,4,english
1114,distribute,10,english
1115,trade,5,english
1116,consider,8,english
1117,greatly,7,english
1118,accepted,8,english
1119,forced,6,english
1120,advantage,9,english
1121,ideas,5,english
1122,decided,7,english
1123,using,5,english
1124,officer,7,english
1125,rate,4,english
1126,clothes,7,english
1127,sign,4,english
1128,feelings,8,english
1129,native,6,english
1130,promised,8,english
1131,judge,5,english
1132,difference,10,english
1133,working,7,english
1134,anxious,7,english
1135,marry,5,english
1136,captain,7,english
1137,finished,8,english
1138,extent,6,english
1139,watched,7,english
1140,curious,7,english
1141,foreign,7,english
1142,besides,7,english
1143,method,6,english
1144,excellent,9,english
1145,confidence,10,english
1146,marked,6,english
1148,jesus,5,english
1149,exactly,7,english
1150,importance,10,english
1151,finally,7,english
1152,bill,4,english
1153,vast,4,english
1154,prove,5,english
1155,fancy,5,english
1156,quick,5,english
1158,sought,6,english
1159,prevent,7,english
1160,neck,4,english
1161,hearts,6,english
1162,liberty,7,english
1163,interesting,11,english
1164,sides,5,english
1165,legal,5,english
1166,gentlemen,9,english
1168,serve,5,english
1169,aside,5,english
1170,pure,4,english
1171,concerning,10,english
1172,forgotten,9,english
1173,lose,4,english
1174,powers,6,english
1175,possessed,9,english
1176,thrown,6,english
1177,evidence,8,english
1178,distant,7,english
1179,Michael,7,english
1180,progress,8,english
1181,similar,7,english
1182,narrow,6,english
1183,altogether,10,english
1184,building,8,english
1185,page,4,english
1186,particularly,12,english
1187,knowing,7,english
1188,weeks,5,english
1189,settled,7,english
1190,holding,7,english
1191,mountain,8,english
1192,search,6,english
1195,lies,4,english
1196,proud,5,english
1197,pieces,6,english
1198,clearly,7,english
1199,price,5,english
1200,ships,5,english
1201,thirty,6,english
1202,sick,4,english
1203,honest,6,english
1204,shut,4,english
1205,talked,6,english
1206,bank,4,english
1207,fate,4,english
1208,dropped,7,english
1209,judgment,8,english
1210,conditions,10,english
1212,accept,6,english
1213,hills,5,english
1214,removed,7,english
1215,forest,6,english
1216,measure,7,english
1217,species,7,english
1218,seek,4,english
1219,highest,7,english
1220,otherwise,9,english
1221,stream,6,english
1222,honor,5,english
1223,carefully,9,english
1224,obtained,8,english
1226,bread,5,english
1227,bottom,6,english
1228,additional,10,english
1229,presented,9,english
1231,fingers,7,english
1233,remembered,10,english
1234,choose,6,english
1235,agreed,6,english
1236,animal,6,english
1237,events,6,english
1239,fully,5,english
1240,delight,7,english
1241,rights,6,english
1242,amount,6,english
1243,obtain,6,english
1245,servants,8,english
1246,sons,4,english
1247,cross,5,english
1248,shoulders,9,english
1249,thick,5,english
1250,points,6,english
1251,stranger,8,english
1252,woods,5,english
1253,facts,5,english
1254,dare,4,english
1255,grow,4,english
1256,creature,8,english
1257,hung,4,english
1258,rain,4,english
1259,false,5,english
1260,tall,4,english
1261,gate,4,english
1262,nations,7,english
1263,created,7,english
1264,refused,7,english
1265,quietly,7,english
1266,surface,7,english
1267,freely,6,english
1268,holy,4,english
1269,streets,7,english
1270,blow,4,english
1271,july,4,english
1272,regarded,8,english
1273,fashion,7,english
1274,report,6,english
1275,coast,5,english
1276,daily,5,english
1277,file,4,english
1278,shoulder,8,english
1279,surprised,9,english
1280,faces,5,english
1281,succeeded,9,english
1282,birds,5,english
1283,distribution,12,english
1284,royal,5,english
1285,song,4,english
1286,wealth,6,english
1287,comfort,7,english
1288,failed,6,english
1289,freedom,7,english
1290,peculiar,8,english
1291,anyone,6,english
1292,advance,7,english
1293,gentle,6,english
1294,surely,6,english
1295,animals,7,english
1296,waited,6,english
1297,secure,6,english
1298,desired,7,english
1299,grass,5,english
1300,touched,7,english
1301,occupied,8,english
1302,draw,4,english
1303,stage,5,english
1304,portion,7,english
1305,expressed,9,english
1306,opening,7,english
1307,june,4,english
1308,spirits,7,english
1309,fish,4,english
1310,tongue,6,english
1311,capital,7,english
1312,angry,5,english
1313,growing,7,english
1314,served,6,english
1315,carriage,8,english
1316,weather,7,english
1317,breast,6,english
1318,presently,9,english
1319,snow,4,english
1320,David,5,english
1321,papers,6,english
1322,necessity,9,english
1323,practice,8,english
1324,claim,5,english
1325,hast,4,english
1326,education,9,english
1327,sharp,5,english
1328,prince,6,english
1329,permitted,9,english
1330,group,5,english
1331,enemies,7,english
1332,robert,6,english
1333,played,6,english
1334,throughout,10,english
1335,pity,4,english
1336,expense,7,english
1337,yours,5,english
1338,million,7,english
1340,pray,4,english
1341,taught,6,english
1342,explained,9,english
1343,tired,5,english
1344,leading,7,english
1345,kill,4,english
1346,shadow,6,english
1347,companion,9,english
1348,weight,6,english
1349,mass,4,english
1350,established,11,english
1351,suffered,8,english
1352,gray,4,english
1353,brave,5,english
1354,thin,4,english
1355,satisfied,9,english
1356,check,5,english
1357,virtue,6,english
1358,golden,6,english
1359,numerous,8,english
1360,frequently,10,english
1361,famous,6,english
1362,telling,7,english
1363,powerful,8,english
1364,alive,5,english
1365,waters,6,english
1366,national,8,english
1367,weak,4,english
1368,divine,6,english
1369,material,8,english
1370,principal,9,english
1371,gathered,8,english
1372,suggested,9,english
1373,frank,5,english
1374,valley,6,english
1375,guess,5,english
1376,finding,7,english
1377,yellow,6,english
1378,heat,4,english
1379,remains,7,english
1380,bent,4,english
1381,seized,6,english
1382,guard,5,english
1383,equally,7,english
1384,naturally,9,english
1386,remarkable,10,english
1387,gods,4,english
1388,moon,4,english
1389,slight,6,english
1390,style,5,english
1391,pointed,7,english
1392,saved,5,english
1393,windows,7,english
1394,crossed,7,english
1395,louis,5,english
1396,pounds,6,english
1398,evidently,9,english
1399,principle,9,english
1400,immediate,9,english
1401,willing,7,english
1402,consequence,11,english
1403,richard,7,english
1404,principles,10,english
1405,characters,10,english
1406,paul,4,english
1407,season,6,english
1408,remarked,8,english
1409,science,7,english
1410,tender,6,english
1411,worked,6,english
1412,grown,5,english
1413,whispered,9,english
1414,interested,10,english
1415,quarter,7,english
1416,midst,5,english
1417,liked,5,english
1418,advanced,8,english
1419,apparently,10,english
1420,bore,4,english
1422,active,6,english
1423,noticed,7,english
1424,aware,5,english
1425,thomas,6,english
1426,uncle,5,english
1427,list,4,english
1428,dangerous,9,english
1429,august,6,english
1430,calm,4,english
1431,genius,6,english
1432,sacred,6,english
1433,kingdom,7,english
1434,entire,6,english
1435,popular,7,english
1436,unknown,7,english
1437,nice,4,english
1438,habit,5,english
1439,spanish,7,english
1440,familiar,8,english
1441,reader,6,english
1442,published,9,english
1443,direct,6,english
1444,handsome,8,english
1446,joined,6,english
1447,actually,8,english
1448,kings,5,english
1450,posted,6,english
1451,approach,8,english
1452,Washington,10,english
1453,hearing,7,english
1454,needed,6,english
1455,increased,9,english
1456,walking,7,english
1457,twice,5,english
1458,throw,5,english
1459,intellectual,12,english
1460,appointed,9,english
1461,wisdom,6,english
1462,ceased,6,english
1463,truly,5,english
1464,numbers,7,english
1465,demanded,8,english
1466,priest,6,english
1467,wounded,7,english
1468,sorrow,6,english
1469,drive,5,english
1470,fault,5,english
1471,listened,8,english
1472,palace,6,english
1473,affair,6,english
1474,contact,7,english
1475,distinguished,13,english
1476,station,7,english
1477,beat,4,english
1478,distributed,11,english
1480,listen,6,english
1481,Italy,5,english
1482,fool,4,english
1483,becomes,7,english
1484,watching,8,english
1485,hurt,4,english
1486,wants,5,english
1487,express,7,english
1488,occurred,8,english
1489,favour,6,english
1490,height,6,english
1491,size,4,english
1492,edge,4,english
1493,subjects,8,english
1494,task,4,english
1495,follows,7,english
1496,interests,9,english
1497,nine,4,english
1498,sympathy,8,english
1499,burst,5,english
1500,putting,7,english
1501,dressed,7,english
1502,lifted,6,english
1503,hopes,5,english
1504,suffer,6,english
1505,noise,5,english
1506,smiling,7,english
1507,rode,4,english
1508,tells,5,english
1509,minds,5,english
1510,farther,7,english
1511,literature,10,english
1512,vessel,6,english
1513,affection,9,english
1514,suffering,9,english
1515,proceeded,9,english
1516,flesh,5,english
1517,advice,6,english
1518,grand,5,english
1519,carrying,8,english
1520,legs,4,english
1521,Spain,5,english
1522,post,4,english
1523,collection,10,english
1524,empty,5,english
1525,rank,4,english
1526,storm,5,english
1528,imagine,7,english
1529,wore,4,english
1530,duties,6,english
1531,admitted,8,english
1532,countries,9,english
1533,pocket,6,english
1534,arrival,7,english
1535,imagination,11,english
1536,driven,6,english
1537,loud,4,english
1538,sentence,8,english
1539,lovely,6,english
1540,extraordinary,13,english
1541,November,8,english
1542,December,8,english
1543,happen,6,english
1544,absence,7,english
1545,breakfast,9,english
1546,population,10,english
1547,thank,5,english
1548,rules,5,english
1549,inhabitants,11,english
1550,series,6,english
1551,laughing,8,english
1552,address,7,english
1553,relief,6,english
1554,bird,4,english
1555,owner,5,english
1556,impression,10,english
1557,satisfaction,12,english
1558,coat,4,english
1559,prepare,7,english
1560,relations,9,english
1561,shape,5,english
1562,birth,5,english
1563,rapidly,7,english
1564,smoke,5,english
1565,January,7,english
1567,machine,7,english
1568,content,7,english
1569,consideration,13,english
1570,accompanied,11,english
1571,regular,7,english
1572,moving,6,english
1573,stands,6,english
1574,wholly,6,english
1575,teeth,5,english
1576,busy,4,english
1577,treated,7,english
1578,burning,7,english
1579,shame,5,english
1580,quality,7,english
1582,discover,8,english
1583,inside,6,english
1584,brain,5,english
1585,soil,4,english
1586,completely,10,english
1587,message,7,english
1588,ring,4,english
1589,resolved,8,english
1590,calling,7,english
1591,phrase,6,english
1592,acts,4,english
1593,mention,7,english
1594,square,6,english
1595,pair,4,english
1597,title,5,english
1598,understanding,13,english
1599,Sunday,6,english
1600,fruit,5,english
1602,forces,6,english
1603,included,8,english
1605,rocks,5,english
1606,nearer,6,english
1607,slaves,6,english
1608,falling,7,english
1609,absolutely,10,english
1610,slow,4,english
1611,bearing,7,english
1612,mercy,5,english
1613,larger,6,english
1614,explain,7,english
1615,contain,7,english
1616,grief,5,english
1617,soldier,7,english
1619,countenance,11,english
1620,previous,8,english
1621,explanation,11,english
1622,welcome,7,english
1623,proposed,8,english
1624,prayer,6,english
1625,stars,5,english
1626,Germany,7,english
1627,belief,6,english
1628,informed,8,english
1629,moments,7,english
1630,poetry,6,english
1631,constant,8,english
1633,final,5,english
1634,faithful,8,english
1635,ride,4,english
1636,policy,6,english
1637,supper,6,english
1638,drawing,7,english
1639,excitement,10,english
1640,dying,5,english
1641,demand,6,english
1642,fighting,8,english
1643,fields,6,english
1644,drove,5,english
1645,upper,5,english
1647,Philip,6,english
1648,motion,6,english
1649,assistance,10,english
1650,forty,5,english
1651,April,5,english
1652,stones,6,english
1653,Edward,6,english
1654,fees,4,english
1655,kindly,6,english
1656,dignity,7,english
1657,catch,5,english
1658,October,7,english
1659,seated,6,english
1660,knees,5,english
1661,amongst,7,english
1662,current,7,english
1663,sending,7,english
1664,parties,7,english
1665,objects,7,english
1666,gained,6,english
1667,bitter,6,english
1668,possibly,8,english
1669,slave,5,english
1670,separate,8,english
1671,loose,5,english
1672,text,4,english
1673,receiving,9,english
1674,worst,5,english
1675,sold,4,english
1677,credit,6,english
1678,chosen,6,english
1679,hoped,5,english
1680,printed,7,english
1681,terror,6,english
1682,features,8,english
1683,fond,4,english
1684,control,7,english
1685,capable,7,english
1686,fifteen,7,english
1688,firm,4,english
1689,superior,8,english
1690,cruel,5,english
1691,spiritual,9,english
1692,Harry,5,english
1693,splendid,8,english
1694,proof,5,english
1695,pressed,7,english
1696,sooner,6,english
1697,join,4,english
1698,process,7,english
1699,crime,5,english
1700,dust,4,english
1701,instantly,9,english
1702,lands,5,english
1703,relation,8,english
1704,doors,5,english
1705,concerned,9,english
1706,deeply,6,english
1707,practical,9,english
1708,colour,6,english
1709,sing,4,english
1710,destroy,7,english
1711,anger,5,english
1712,distributing,12,english
1713,results,7,english
1714,increase,8,english
1715,reasons,7,english
1716,nose,4,english
1717,friendly,8,english
1718,entrance,8,english
1719,rooms,5,english
1720,admit,5,english
1721,supply,6,english
1722,clean,5,english
1723,useful,6,english
1724,yesterday,9,english
1725,delicate,8,english
1726,fail,4,english
1727,continue,8,english
1728,remove,6,english
1729,addressed,9,english
1730,choice,6,english
1731,huge,4,english
1732,needs,5,english
1733,wear,4,english
1734,blind,5,english
1735,unable,6,english
1736,cover,5,english
1737,double,6,english
1738,victory,7,english
1739,dozen,5,english
1740,constantly,10,english
1741,level,5,english
1742,India,5,english
1743,release,7,english
1744,rough,5,english
1745,ended,5,english
1746,shows,5,english
1748,praise,6,english
1749,devil,5,english
1750,ahead,5,english
1751,smith,5,english
1752,connected,9,english
1753,degrees,7,english
1754,gain,4,english
1755,addition,8,english
1756,committed,9,english
1757,chamber,7,english
1758,notes,5,english
1759,Italian,7,english
1760,gradually,9,english
1761,acquaintance,12,english
1762,bought,6,english
1763,souls,5,english
1764,mission,7,english
1765,sacrifice,9,english
1766,cities,6,english
1767,mistake,7,english
1768,exercise,8,english
1769,conscience,10,english
1770,based,5,english
1772,buried,6,english
1773,theory,6,english
1774,commanded,9,english
1775,nobody,6,english
1776,minister,8,english
1777,closely,7,english
1778,energy,6,english
1779,dick,4,english
1780,bare,4,english
1781,fought,6,english
1782,partly,6,english
1783,mistress,8,english
1784,hate,4,english
1785,arose,5,english
1786,playing,7,english
1787,color,5,english
1788,lake,4,english
1789,safety,6,english
1790,provisions,10,english
1791,description,11,english
1792,asleep,6,english
1793,centre,6,english
1794,faint,5,english
1795,thinks,6,english
1796,parents,7,english
1797,escaped,7,english
1798,careful,7,english
1799,enjoy,5,english
1800,drop,4,english
1801,brilliant,9,english
1802,brief,5,english
1803,bringing,8,english
1804,worship,7,english
1805,goods,5,english
1806,tale,4,english
1807,skin,4,english
1808,roof,4,english
1809,grey,4,english
1810,highly,6,english
1811,crown,5,english
1812,castle,6,english
1813,excited,7,english
1814,throne,6,english
1815,stated,6,english
1816,despair,7,english
1817,ease,4,english
1818,attached,8,english
1819,total,5,english
1820,kindness,8,english
1821,mile,4,english
1822,citizens,8,english
1823,circle,6,english
1824,dull,4,english
1825,extreme,7,english
1826,clouds,6,english
1827,figures,7,english
1828,intention,9,english
1829,prison,6,english
1830,term,4,english
1831,assured,7,english
1832,hidden,6,english
1833,thoroughly,10,english
1835,member,6,english
1836,civil,5,english
1837,apply,5,english
1838,labor,5,english
1839,everywhere,10,english
1840,intelligence,12,english
1841,strike,6,english
1842,fairly,6,english
1843,comply,6,english
1844,fellows,7,english
1846,event,5,english
1847,gently,6,english
1848,connection,10,english
1849,protection,10,english
1850,conscious,9,english
1851,edition,7,english
1852,directed,8,english
1853,pulled,6,english
1854,flight,6,english
1855,evident,7,english
1856,surrounded,10,english
1857,wishes,6,english
1858,yards,5,english
1859,voices,6,english
1860,weary,5,english
1861,couple,6,english
1862,variety,7,english
1863,whilst,6,english
1864,volume,6,english
1865,details,7,english
1866,older,5,english
1867,requirements,12,english
1868,custom,6,english
1869,apart,5,english
1871,awful,5,english
1872,everybody,9,english
1873,labour,6,english
1874,asking,6,english
1875,lover,5,english
1876,showing,7,english
1877,introduced,10,english
1878,suit,4,english
1879,becoming,8,english
1880,composed,8,english
1881,plans,5,english
1882,rendered,8,english
1883,pictures,8,english
1884,lest,4,english
1885,volunteers,10,english
1886,singing,7,english
1887,eager,5,english
1888,precious,8,english
1889,paused,6,english
1890,require,7,english
1891,meat,4,english
1892,whenever,8,english
1893,milk,4,english
1894,dogs,4,english
1895,successful,10,english
1896,plants,6,english
1897,vision,6,english
1898,rare,4,english
1899,granted,7,english
1900,raise,5,english
1901,Egypt,5,english
1902,manners,7,english
1903,cousin,6,english
1905,development,11,english
1906,Arthur,6,english
1908,cool,4,english
1909,trial,5,english
1910,learning,8,english
1911,approached,10,english
1912,bridge,6,english
1913,abroad,6,english
1914,devoted,7,english
1915,paying,6,english
1916,literary,8,english
1917,writer,6,english
1919,Israel,6,english
1920,disappeared,11,english
1921,interrupted,11,english
1922,stock,5,english
1923,readers,7,english
1924,dreadful,8,english
1925,female,6,english
1926,protect,7,english
1927,accustomed,10,english
1928,Virginia,8,english
1929,type,4,english
1930,recognized,10,english
1931,salt,4,english
1932,destroyed,9,english
1933,signs,5,english
1934,innocent,8,english
1935,temper,6,english
1936,plenty,6,english
1937,pope,4,english
1938,avoid,5,english
1939,hurried,7,english
1940,represented,11,english
1941,favor,5,english
1942,mental,6,english
1943,attitude,8,english
1944,returning,9,english
1945,admiration,10,english
1946,brothers,8,english
1947,anxiety,7,english
1948,queen,5,english
1949,teach,5,english
1950,count,5,english
1951,curiosity,9,english
1952,solemn,6,english
1953,causes,6,english
1954,vessels,7,english
1955,compelled,9,english
1956,dance,5,english
1957,hotel,5,english
1958,wicked,6,english
1959,fled,4,english
1960,kissed,6,english
1961,guns,4,english
1962,fill,4,english
1963,visible,7,english
1964,younger,7,english
1965,guide,5,english
1966,earnest,7,english
1967,actual,6,english
1968,companions,10,english
1969,prisoner,8,english
1970,miserable,9,english
1972,harm,4,english
1973,views,5,english
1974,Irish,5,english
1975,utterly,7,english
1976,ends,4,english
1977,shop,4,english
1978,stairs,6,english
1979,pardon,6,english
1982,seldom,6,english
1983,kinds,5,english
1984,record,6,english
1986,sand,4,english
1987,violent,7,english
1988,branches,8,english
1989,inquired,8,english
1991,September,9,english
1992,worn,4,english
1993,Ireland,7,english
1994,flat,4,english
1995,departure,9,english
1996,delivered,9,english
1997,gift,4,english
1998,ruin,4,english
1999,skill,5,english
2000,cattle,6,english
2001,equipment,9,english
2002,temple,6,english
2003,calls,5,english
2004,earlier,7,english
2005,license,7,english
2006,visited,7,english
2008,consent,7,english
2009,sufficiently,12,english
2010,natives,7,english
2011,wound,5,english
2012,laughter,8,english
2013,contained,9,english
2014,perceived,9,english
2015,scattered,9,english
2016,whence,6,english
2017,rushed,6,english
2018,chiefly,7,english
2019,bold,4,english
2020,anywhere,8,english
2021,witness,7,english
2022,foolish,7,english
2023,helped,6,english
2024,kitchen,7,english
2025,sell,4,english
2026,anybody,7,english
2027,self,4,english
2028,extremely,9,english
2029,treatment,9,english
2030,throat,6,english
2031,dreams,6,english
2032,patient,7,english
2033,speed,5,english
2034,growth,6,english
2035,quantity,8,english
2036,Latin,5,english
2037,immense,7,english
2038,conclusion,10,english
2039,computer,8,english
2040,affected,8,english
2041,severe,6,english
2042,excuse,6,english
2043,triumph,7,english
2044,origin,6,english
2045,Joseph,6,english
2046,slept,5,english
2047,eternal,7,english
2048,thine,5,english
2049,audience,8,english
2050,pages,5,english
2051,sounds,6,english
2052,swift,5,english
2053,limited,7,english
2054,wings,5,english
2055,stepped,7,english
2056,services,8,english
2057,library,7,english
2058,remaining,9,english
2059,containing,10,english
2060,base,4,english
2061,confusion,9,english
2063,maid,4,english
2064,charming,8,english
2065,editions,8,english
2066,attended,8,english
2067,softly,6,english
2068,reality,7,english
2069,performed,9,english
2070,glorious,8,english
2071,likewise,8,english
2072,site,4,english
2073,sail,4,english
2074,frightened,10,english
2075,acquainted,10,english
2076,unhappy,7,english
2077,feared,6,english
2078,article,7,english
2079,prisoners,9,english
2080,store,5,english
2081,adopted,7,english
2082,shalt,5,english
2083,remark,6,english
2084,cook,4,english
2085,thousands,9,english
2086,pause,5,english
2087,inclined,8,english
2088,convinced,9,english
2089,band,4,english
2090,valuable,8,english
2091,hence,5,english
2092,desert,6,english
2093,effects,7,english
2094,kiss,4,english
2095,plant,5,english
2097,ball,4,english
2098,stick,5,english
2099,absolute,8,english
2100,readily,7,english
2101,behold,6,english
2102,fierce,6,english
2103,argument,8,english
2104,observe,7,english
2105,blessed,7,english
2106,bosom,5,english
2107,rage,4,english
2108,striking,8,english
2109,discovery,9,english
2110,creatures,9,english
2111,shouted,7,english
2112,guilty,6,english
2113,related,7,english
2114,setting,7,english
2115,forgot,6,english
2116,punishment,10,english
2118,slightly,8,english
2119,articles,8,english
2120,police,6,english
2121,mysterious,10,english
2122,extended,8,english
2123,confess,7,english
2124,shade,5,english
2125,murder,6,english
2126,emotion,7,english
2127,destruction,11,english
2128,wondered,8,english
2129,increasing,10,english
2130,hide,4,english
2131,expedition,10,english
2132,horror,6,english
2133,local,5,english
2134,expenses,8,english
2135,ignorant,8,english
2136,doctrine,8,english
2137,generous,8,english
2138,range,5,english
2139,host,4,english
2141,cloud,5,english
2142,mystery,7,english
2144,waste,5,english
2145,changes,7,english
2146,possess,7,english
2147,consciousness,13,english
2148,February,8,english
2149,trembling,9,english
2150,disease,7,english
2151,formerly,8,english
2152,spend,5,english
2153,production,10,english
2154,source,6,english
2155,mankind,7,english
2156,universal,9,english
2157,deck,4,english
2158,sees,4,english
2159,habits,6,english
2160,estate,6,english
2161,aunt,4,english
2162,reign,5,english
2163,humble,6,english
2164,compliance,10,english
2165,delay,5,english
2166,shining,7,english
2167,reported,8,english
2168,hers,4,english
2169,unfortunate,11,english
2170,midnight,8,english
2171,listening,9,english
2172,flower,6,english
2173,hero,4,english
2174,accomplished,12,english
2175,doth,4,english
2176,classes,7,english
2177,thanks,6,english
2178,banks,5,english
2179,philosophy,10,english
2180,belong,6,english
2181,finger,6,english
2182,comfortable,11,english
2183,market,6,english
2185,waves,5,english
2187,glanced,7,english
2188,troubled,8,english
2189,difficulties,12,english
2190,picked,6,english
2191,European,8,english
2192,purposes,8,english
2193,somewhere,9,english
2194,delighted,9,english
2195,pushed,6,english
2196,press,5,english
2197,household,9,english
2198,fleet,5,english
2199,baby,4,english
2200,region,6,english
2201,lately,6,english
2202,uttered,7,english
2203,exact,5,english
2204,image,5,english
2205,ages,4,english
2206,murmured,8,english
2207,melancholy,10,english
2208,suspicion,9,english
2209,bowed,5,english
2210,refuse,6,english
2211,Elizabeth,9,english
2212,staff,5,english
18,para,4,spanish
22,como,4,spanish
25,pero,4,spanish
32,sobre,5,spanish
33,este,4,spanish
35,entre,5,spanish
36,cuando,6,spanish
37,todo,4,spanish
38,esta,4,spanish
48,hasta,5,spanish
49,desde,5,spanish
52,porque,6,spanish
59,puede,5,spanish
60,todos,5,spanish
64,parte,5,spanish
65,tiene,5,spanish
68,donde,5,spanish
69,bien,4,spanish
70,tiempo,6,spanish
71,mismo,5,spanish
73,ahora,5,spanish
74,cada,4,spanish
76,vida,4,spanish
77,otro,4,spanish
80,otros,5,spanish
81,aunque,6,spanish
84,hace,4,spanish
85,otra,4,spanish
86,gobierno,8,spanish
88,durante,7,spanish
89,siempre,7,spanish
91,tanto,5,spanish
92,ella,4,spanish
93,tres,4,spanish
95,dijo,4,spanish
96,sido,4,spanish
97,gran,4,spanish
100,menos,5,spanish
101,mundo,5,spanish
103,antes,5,spanish
104,estado,6,spanish
105,contra,6,spanish
106,sino,4,spanish
107,forma,5,spanish
108,caso,4,spanish
109,nada,4,spanish
110,hacer,5,spanish
111,general,7,spanish
112,estaba,6,spanish
113,poco,4,spanish
114,estos,5,spanish
115,presidente,10,spanish
116,mayor,5,spanish
117,ante,4,spanish
118,unos,4,spanish
120,algo,4,spanish
121,hacia,5,spanish
122,casa,4,spanish
123,ellos,5,spanish
124,ayer,4,spanish
125,hecho,5,spanish
126,primera,7,spanish
127,mucho,5,spanish
128,mientras,8,spanish
130,quien,5,spanish
131,momento,7,spanish
132,millones,8,spanish
133,esto,4,spanish
135,hombre,6,spanish
137,pues,4,spanish
139,lugar,5,spanish
140,madrid,6,spanish
141,nacional,8,spanish
142,trabajo,7,spanish
143,otras,5,spanish
144,mejor,5,spanish
145,nuevo,5,spanish
146,decir,5,spanish
147,algunos,7,spanish
148,entonces,8,spanish
149,todas,5,spanish
151,debe,4,spanish
154,casi,4,spanish
155,toda,4,spanish
157,luego,5,spanish
158,pasado,6,spanish
159,primer,6,spanish
160,medio,5,spanish
162,estas,5,spanish
165,nunca,5,spanish
166,poder,5,spanish
169,veces,5,spanish
170,embargo,7,spanish
171,partido,7,spanish
172,personas,8,spanish
173,grupo,5,spanish
174,cuenta,6,spanish
175,pueden,6,spanish
176,tienen,6,spanish
177,misma,5,spanish
178,nueva,5,spanish
179,cual,4,spanish
180,fueron,6,spanish
181,mujer,5,spanish
182,frente,6,spanish
184,tras,4,spanish
185,cosas,5,spanish
187,ciudad,6,spanish
189,social,6,spanish
190,manera,6,spanish
191,tener,5,spanish
192,sistema,7,spanish
194,historia,8,spanish
195,muchos,6,spanish
196,juan,4,spanish
197,tipo,4,spanish
198,cuatro,6,spanish
199,dentro,6,spanish
200,nuestro,7,spanish
201,punto,5,spanish
202,dice,4,spanish
203,ello,4,spanish
204,cualquier,9,spanish
205,noche,5,spanish
207,agua,4,spanish
208,parece,6,spanish
209,haber,5,spanish
211,fuera,5,spanish
212,bajo,4,spanish
213,grandes,7,spanish
214,nuestra,7,spanish
215,ejemplo,7,spanish
216,acuerdo,7,spanish
218,usted,5,spanish
219,estados,7,spanish
220,hizo,4,spanish
221,nadie,5,spanish
223,horas,5,spanish
224,posible,7,spanish
225,tarde,5,spanish
227,importante,10,spanish
228,guerra,6,spanish
229,desarrollo,10,spanish
230,proceso,7,spanish
231,realidad,8,spanish
232,sentido,7,spanish
233,lado,4,spanish
236,cambio,6,spanish
238,mano,4,spanish
239,eran,4,spanish
240,estar,5,spanish
243,sociedad,8,spanish
244,unas,4,spanish
245,centro,6,spanish
246,padre,5,spanish
247,gente,5,spanish
248,final,5,spanish
250,cuerpo,6,spanish
251,obra,4,spanish
252,incluso,7,spanish
255,madre,5,spanish
257,modo,4,spanish
258,problemas,9,spanish
259,cinco,5,spanish
260,carlos,6,spanish
261,hombres,7,spanish
263,ojos,4,spanish
264,muerte,6,spanish
265,nombre,6,spanish
266,algunas,7,spanish
268,mujeres,7,spanish
269,siglo,5,spanish
271,meses,5,spanish
273,esos,4,spanish
274,nosotros,8,spanish
275,hora,4,spanish
276,muchas,6,spanish
277,pueblo,6,spanish
278,alguna,6,spanish
280,problema,8,spanish
284,derecho,7,spanish
285,verdad,6,spanish
287,unidos,6,spanish
290,junto,5,spanish
291,cabeza,6,spanish
292,aquel,5,spanish
293,luis,4,spanish
294,cuanto,6,spanish
295,tierra,6,spanish
296,equipo,6,spanish
297,segundo,7,spanish
298,director,8,spanish
299,dicho,5,spanish
300,cierto,6,spanish
301,casos,5,spanish
302,manos,5,spanish
303,nivel,5,spanish
305,familia,7,spanish
306,largo,5,spanish
307,partir,6,spanish
308,falta,5,spanish
309,llegar,6,spanish
310,propio,6,spanish
311,ministro,8,spanish
312,cosa,4,spanish
313,primero,7,spanish
314,seguridad,9,spanish
315,hemos,5,spanish
317,trata,5,spanish
319,tuvo,4,spanish
320,respecto,8,spanish
321,semana,6,spanish
322,varios,6,spanish
323,real,4,spanish
326,paso,4,spanish
329,quienes,7,spanish
330,proyecto,8,spanish
331,mercado,7,spanish
334,claro,5,spanish
337,pesetas,7,spanish
338,orden,5,spanish
340,buena,5,spanish
341,quiere,6,spanish
342,aquella,7,spanish
343,programa,8,spanish
344,palabras,8,spanish
345,internacional,13,spanish
347,esas,4,spanish
348,segunda,7,spanish
349,empresa,7,spanish
350,puesto,6,spanish
352,propia,6,spanish
354,libro,5,spanish
355,igual,5,spanish
357,persona,7,spanish
359,ellas,5,spanish
360,total,5,spanish
361,creo,4,spanish
362,tengo,5,spanish
363,dios,4,spanish
366,condiciones,11,spanish
368,fuerza,6,spanish
369,solo,4,spanish
372,amor,4,spanish
374,puerta,6,spanish
375,pesar,5,spanish
376,zona,4,spanish
377,sabe,4,spanish
378,calle,5,spanish
379,interior,8,spanish
380,tampoco,7,spanish
383,vista,5,spanish
384,campo,5,spanish
385,buen,4,spanish
386,hubiera,7,spanish
387,saber,5,spanish
388,obras,5,spanish
392,presencia,9,spanish
393,tema,4,spanish
394,dinero,6,spanish
396,antonio,7,spanish
397,servicio,8,spanish
398,hijo,4,spanish
400,ciento,6,spanish
401,estoy,5,spanish
402,hablar,6,spanish
404,minutos,7,spanish
406,camino,6,spanish
407,seis,4,spanish
409,fondo,5,spanish
411,papel,5,spanish
413,barcelona,9,spanish
414,idea,4,spanish
415,especial,8,spanish
416,diferentes,10,spanish
417,dado,4,spanish
418,base,4,spanish
419,capital,7,spanish
420,ambos,5,spanish
421,europa,6,spanish
422,libertad,8,spanish
423,relaciones,10,spanish
424,espacio,7,spanish
425,medios,6,spanish
427,actual,6,spanish
429,empresas,8,spanish
430,estudio,7,spanish
431,salud,5,spanish
432,servicios,9,spanish
433,haya,4,spanish
434,principio,9,spanish
435,siendo,6,spanish
436,cultura,7,spanish
437,anterior,8,spanish
438,alto,4,spanish
439,media,5,spanish
440,mediante,8,spanish
441,primeros,8,spanish
442,arte,4,spanish
444,sector,6,spanish
445,imagen,6,spanish
446,medida,6,spanish
447,deben,5,spanish
448,datos,5,spanish
449,consejo,7,spanish
450,personal,8,spanish
452,julio,5,spanish
453,grupos,6,spanish
454,miembros,8,spanish
455,ninguna,7,spanish
456,existe,6,spanish
457,cara,4,spanish
458,edad,4,spanish
460,movimiento,10,spanish
461,visto,5,spanish
463,puntos,6,spanish
464,actividad,9,spanish
465,bueno,5,spanish
469,joven,5,spanish
470,futuro,6,spanish
471,aquellos,8,spanish
473,pronto,6,spanish
476,nuevos,6,spanish
477,nuestros,8,spanish
478,estaban,7,spanish
479,posibilidad,11,spanish
480,sigue,5,spanish
481,cerca,5,spanish
482,resultados,10,spanish
486,capacidad,9,spanish
487,efecto,6,spanish
488,necesario,9,spanish
489,valor,5,spanish
490,aire,4,spanish
492,siguiente,9,spanish
493,figura,6,spanish
494,central,7,spanish
495,comunidad,9,spanish
496,necesidad,9,spanish
497,serie,5,spanish
499,nuevas,6,spanish
500,calidad,7,spanish
503,jefe,4,spanish
504,estamos,7,spanish
505,prensa,6,spanish
506,control,7,spanish
507,sociales,8,spanish
508,universidad,11,spanish
509,militar,7,spanish
510,cabo,4,spanish
511,diez,4,spanish
512,fuerzas,7,spanish
513,congreso,8,spanish
515,hijos,5,spanish
516,justicia,8,spanish
517,mundial,7,spanish
519,juego,5,spanish
522,duda,4,spanish
523,recursos,8,spanish
525,crisis,6,spanish
527,tenemos,7,spanish
529,varias,6,spanish
530,popular,7,spanish
531,tenido,6,spanish
532,apenas,6,spanish
534,banco,5,spanish
535,presente,8,spanish
536,menor,5,spanish
537,quiero,6,spanish
538,pasar,5,spanish
539,resultado,9,spanish
541,encuentra,9,spanish
542,gracias,7,spanish
543,ministerio,10,spanish
544,conjunto,8,spanish
545,defensa,7,spanish
546,alguien,7,spanish
547,queda,5,spanish
548,hacen,5,spanish
549,pasa,4,spanish
550,resto,5,spanish
551,causa,5,spanish
552,seguir,6,spanish
554,palabra,7,spanish
556,cuya,4,spanish
557,vamos,5,spanish
559,estudios,8,spanish
560,derechos,8,spanish
561,importancia,11,spanish
562,cuales,6,spanish
563,contrario,9,spanish
564,manuel,6,spanish
566,fuerte,6,spanish
569,apoyo,5,spanish
571,civil,5,spanish
572,miguel,6,spanish
573,pedro,5,spanish
574,partidos,8,spanish
575,libre,5,spanish
576,fuentes,7,spanish
579,dejar,5,spanish
580,cine,4,spanish
581,salir,5,spanish
584,experiencia,11,spanish
585,demasiado,9,spanish
586,plan,4,spanish
587,respuesta,9,spanish
589,izquierda,9,spanish
591,principal,9,spanish
592,superior,8,spanish
593,naturaleza,10,spanish
594,podemos,7,spanish
596,especialmente,13,spanish
598,domingo,7,spanish
599,favor,5,spanish
600,cantidad,8,spanish
601,elecciones,10,spanish
602,clase,5,spanish
603,productos,9,spanish
605,conocer,7,spanish
606,teatro,6,spanish
607,importantes,11,spanish
608,evitar,6,spanish
609,color,5,spanish
610,actividades,11,spanish
611,mesa,4,spanish
614,cuyo,4,spanish
615,debido,6,spanish
616,alta,4,spanish
617,francisco,9,spanish
618,secretario,10,spanish
619,objeto,6,spanish
623,natural,7,spanish
624,elementos,9,spanish
625,hubo,4,spanish
626,objetivo,8,spanish
627,formas,6,spanish
629,pueda,5,spanish
630,origen,6,spanish
631,blanco,6,spanish
632,mismos,6,spanish
633,lleva,5,spanish
636,ayuda,5,spanish
637,oficial,7,spanish
638,silencio,8,spanish
639,buenos,6,spanish
640,pensar,6,spanish
643,sangre,6,spanish
644,encuentro,9,spanish
645,siquiera,8,spanish
646,autor,5,spanish
648,haciendo,8,spanish
649,suelo,5,spanish
650,muestra,7,spanish
651,viejo,5,spanish
652,encima,6,spanish
653,resulta,7,spanish
654,tomar,5,spanish
655,bastante,8,spanish
656,siete,5,spanish
657,lucha,5,spanish
658,pudo,4,spanish
659,amigos,6,spanish
662,pocos,5,spanish
663,medidas,7,spanish
664,norte,5,spanish
665,partes,6,spanish
666,iglesia,7,spanish
667,tratamiento,11,spanish
668,existencia,10,spanish
669,cargo,5,spanish
670,grande,6,spanish
672,boca,4,spanish
673,plaza,5,spanish
675,trabajadores,12,spanish
676,poner,5,spanish
677,existen,7,spanish
678,viene,5,spanish
679,permite,7,spanish
681,argentina,9,spanish
682,acto,4,spanish
683,hechos,6,spanish
684,tiempos,7,spanish
686,radio,5,spanish
687,puedo,5,spanish
688,crecimiento,11,spanish
689,francia,7,spanish
691,amigo,5,spanish
692,autoridades,11,spanish
693,realizar,8,spanish
694,acciones,8,spanish
695,padres,6,spanish
696,diario,6,spanish
698,derecha,7,spanish
699,ambiente,8,spanish
702,precisamente,12,spanish
703,enfermedad,10,spanish
704,especie,7,spanish
706,santa,5,spanish
707,cambios,7,spanish
710,seguro,6,spanish
711,espera,6,spanish
712,momentos,8,spanish
713,viaje,5,spanish
715,ocho,4,spanish
716,vivir,5,spanish
719,escuela,7,spanish
720,cuarto,6,spanish
721,valores,7,spanish
725,baja,4,spanish
727,principales,11,spanish
728,fernando,8,spanish
729,metros,6,spanish
730,marcha,6,spanish
732,consecuencia,12,spanish
733,conocimiento,12,spanish
736,estructura,10,spanish
737,efectos,7,spanish
738,finalmente,10,spanish
739,modelo,6,spanish
740,carta,5,spanish
743,miedo,5,spanish
744,mayores,7,spanish
745,entrada,7,spanish
746,humanos,7,spanish
747,sean,4,spanish
748,actitud,7,spanish
749,deja,4,spanish
752,llevar,6,spanish
753,negro,5,spanish
754,texto,5,spanish
755,mitad,5,spanish
756,estuvo,6,spanish
757,alrededor,9,spanish
758,acerca,6,spanish
759,peso,4,spanish
760,humano,6,spanish
762,fecha,5,spanish
764,doctor,6,spanish
765,ideas,5,spanish
766,vino,4,spanish
767,materia,7,spanish
768,llega,5,spanish
769,carrera,7,spanish
770,cierta,6,spanish
771,sola,4,spanish
772,psoe,4,spanish
773,lejos,5,spanish
774,juez,4,spanish
776,riesgo,6,spanish
778,diferencia,10,spanish
779,cultural,8,spanish
780,libros,6,spanish
782,mayo,4,spanish
783,nuestras,8,spanish
784,programas,9,spanish
785,memoria,7,spanish
786,llegado,7,spanish
787,plazo,5,spanish
789,diciembre,9,spanish
790,mantener,8,spanish
791,enero,5,spanish
792,volver,6,spanish
793,cuadro,6,spanish
794,producto,8,spanish
795,produce,7,spanish
796,europea,7,spanish
797,conciencia,10,spanish
800,felipe,6,spanish
802,chile,5,spanish
803,precio,6,spanish
805,puerto,6,spanish
806,fuego,5,spanish
809,costa,5,spanish
810,supuesto,8,spanish
811,local,5,spanish
812,habla,5,spanish
813,aspectos,8,spanish
814,cuba,4,spanish
815,sala,4,spanish
817,vuelta,6,spanish
819,mirada,6,spanish
820,mejores,7,spanish
821,informe,7,spanish
822,unidad,6,spanish
823,distintos,9,spanish
824,suerte,6,spanish
825,tales,5,spanish
826,mira,4,spanish
827,llamado,7,spanish
831,principios,10,spanish
832,octubre,7,spanish
836,encontrar,9,spanish
837,democracia,10,spanish
838,aumento,7,spanish
840,prueba,6,spanish
841,consumo,7,spanish
842,pese,4,spanish
843,ocasiones,9,spanish
844,exterior,8,spanish
847,hija,4,spanish
850,capaz,5,spanish
852,industria,9,spanish
853,adelante,8,spanish
854,salida,6,spanish
855,ciencia,7,spanish
856,asunto,6,spanish
858,puso,4,spanish
859,intereses,9,spanish
862,pregunta,8,spanish
864,entrar,6,spanish
867,santiago,8,spanish
868,dolor,5,spanish
869,zonas,5,spanish
870,comercio,8,spanish
872,tribunal,8,spanish
873,instituciones,13,spanish
874,temas,5,spanish
875,militares,9,spanish
876,junio,5,spanish
877,marco,5,spanish
878,sectores,8,spanish
879,hacerlo,7,spanish
880,aspecto,7,spanish
881,razones,7,spanish
882,contenido,9,spanish
883,juicio,6,spanish
884,electoral,9,spanish
885,considera,9,spanish
887,mucha,5,spanish
888,voluntad,8,spanish
889,dicen,5,spanish
890,recuerdo,8,spanish
891,socialista,10,spanish
893,aparece,7,spanish
895,cama,4,spanish
897,presenta,8,spanish
900,busca,5,spanish
901,abril,5,spanish
903,fiscal,6,spanish
905,victoria,8,spanish
906,violencia,9,spanish
907,primeras,8,spanish
909,armas,5,spanish
912,esfuerzo,8,spanish
913,humana,6,spanish
914,posibilidades,13,spanish
915,centros,7,spanish
916,profesional,11,spanish
917,asimismo,8,spanish
918,grado,5,spanish
920,toma,4,spanish
921,distintas,9,spanish
922,material,8,spanish
923,carne,5,spanish
924,llama,5,spanish
925,particular,10,spanish
926,jorge,5,spanish
927,trabajar,8,spanish
928,propuesta,9,spanish
929,muerto,6,spanish
930,precios,7,spanish
931,reforma,7,spanish
932,hermano,7,spanish
933,corte,5,spanish
935,etapa,5,spanish
936,obstante,8,spanish
937,pone,4,spanish
938,diversos,8,spanish
939,visita,6,spanish
940,concepto,8,spanish
941,pacientes,9,spanish
942,semanas,7,spanish
943,tipos,5,spanish
944,solamente,9,spanish
945,deseo,5,spanish
946,sistemas,8,spanish
947,encuentran,10,spanish
948,siguientes,10,spanish
950,suficiente,10,spanish
951,marzo,5,spanish
952,propios,7,spanish
955,club,4,spanish
956,instituto,9,spanish
958,curso,5,spanish
959,lenguaje,8,spanish
960,estilo,6,spanish
961,rosa,4,spanish
962,imposible,9,spanish
963,pablo,5,spanish
964,buscar,6,spanish
965,peor,4,spanish
966,piel,4,spanish
967,arriba,6,spanish
968,generales,9,spanish
969,septiembre,10,spanish
970,blanca,6,spanish
972,aquellas,8,spanish
974,animales,8,spanish
975,hicieron,8,spanish
976,larga,5,spanish
977,perdido,7,spanish
979,paciente,8,spanish
980,conseguir,9,spanish
982,noviembre,9,spanish
985,hospital,8,spanish
986,diversas,8,spanish
987,rafael,6,spanish
988,vuelve,6,spanish
989,destino,7,spanish
990,torno,5,spanish
991,proyectos,9,spanish
992,flores,6,spanish
993,niveles,7,spanish
997,somos,5,spanish
999,premio,6,spanish
1000,tercera,7,spanish
1001,simple,6,spanish
1002,trabajos,8,spanish
1003,factores,8,spanish
1004,fuente,6,spanish
1005,cielo,5,spanish
1006,ambas,5,spanish
1007,mismas,6,spanish
1009,actualmente,11,spanish
1010,conocido,8,spanish
1012,ejercicio,9,spanish
1013,cree,4,spanish
1015,ocurre,6,spanish
1018,lengua,6,spanish
1019,responsabilidad,15,spanish
1020,digo,4,spanish
1022,distancia,9,spanish
1023,organismo,9,spanish
1024,cruz,4,spanish
1026,realmente,9,spanish
1027,alberto,7,spanish
1029,novela,6,spanish
1030,alma,4,spanish
1031,doble,5,spanish
1032,anteriores,10,spanish
1033,obtener,7,spanish
1034,dije,4,spanish
1036,podido,6,spanish
1039,crear,5,spanish
1040,motivo,6,spanish
1041,tercer,6,spanish
1043,significa,9,spanish
1044,empleo,6,spanish
1045,escrito,7,spanish
1046,departamento,12,spanish
1047,contacto,8,spanish
1048,casas,5,spanish
1050,rostro,6,spanish
1051,oportunidad,11,spanish
1052,procesos,8,spanish
1053,terreno,7,spanish
1054,daba,4,spanish
1055,calles,6,spanish
1056,lista,5,spanish
1057,nacionales,10,spanish
1058,funciones,9,spanish
1059,leyes,5,spanish
1060,acceso,6,spanish
1065,grave,5,spanish
1066,tenga,5,spanish
1067,lunes,5,spanish
1069,junta,5,spanish
1070,lugares,7,spanish
1071,verano,6,spanish
1074,pensamiento,11,spanish
1075,york,4,spanish
1076,frecuencia,10,spanish
1078,viernes,7,spanish
1079,javier,6,spanish
1080,sitio,5,spanish
1081,agosto,6,spanish
1082,propiedad,9,spanish
1083,profesionales,13,spanish
1085,gusta,5,spanish
1086,objetivos,9,spanish
1087,movimientos,11,spanish
1088,alcalde,7,spanish
1089,ejecutivo,9,spanish
1090,ciudadanos,10,spanish
1091,necesidades,11,spanish
1094,veinte,6,spanish
1096,clara,5,spanish
1097,altura,6,spanish
1100,moral,5,spanish
1101,lograr,6,spanish
1104,asuntos,7,spanish
1105,peligro,7,spanish
1106,escena,6,spanish
1107,gusto,5,spanish
1108,palacio,7,spanish
1109,hotel,5,spanish
1110,colombia,8,spanish
1112,isla,4,spanish
1113,guardia,7,spanish
1114,confianza,9,spanish
1115,ciudades,8,spanish
1116,esperar,7,spanish
1118,demanda,7,spanish
1119,personajes,10,spanish
1120,directamente,12,spanish
1122,discurso,8,spanish
1124,representantes,14,spanish
1125,normal,6,spanish
1126,pena,4,spanish
1127,jugadores,9,spanish
1128,supone,6,spanish
1129,industrial,10,spanish
1130,referencia,10,spanish
1131,febrero,7,spanish
1132,entender,8,spanish
1135,dejado,6,spanish
1136,alimentos,9,spanish
1137,pies,4,spanish
1140,autores,7,spanish
1141,marido,6,spanish
1143,llamada,7,spanish
1144,brazos,6,spanish
1148,nueve,5,spanish
1149,pueblos,7,spanish
1150,temporada,9,spanish
1152,abajo,5,spanish
1153,aquello,7,spanish
1154,maestro,7,spanish
1155,internacionales,15,spanish
1158,esposa,6,spanish
1160,totalmente,10,spanish
1161,perder,6,spanish
1162,venta,5,spanish
1163,finales,7,spanish
1165,contar,6,spanish
1166,diferencias,11,spanish
1167,familiar,8,spanish
1170,mala,4,spanish
1171,fundamental,11,spanish
1172,enorme,6,spanish
1173,puedan,6,spanish
1175,ofrece,6,spanish
1176,comercial,9,spanish
1178,aires,5,spanish
1179,profesor,8,spanish
1181,municipal,9,spanish
1182,declaraciones,13,spanish
1183,funcionarios,12,spanish
1184,aguas,5,spanish
1185,responsable,11,spanish
1187,alguno,6,spanish
1188,federal,7,spanish
1190,conflicto,9,spanish
1191,dicha,5,spanish
1193,dirigentes,10,spanish
1194,cambiar,7,spanish
1195,superficie,10,spanish
1196,necesita,8,spanish
1197,estudiantes,11,spanish
1198,tantos,6,spanish
1199,golpe,5,spanish
1202,equipos,7,spanish
1203,literatura,10,spanish
1204,pruebas,7,spanish
1205,alemania,8,spanish
1206,circunstancias,14,spanish
1207,tienes,6,spanish
1208,documento,9,spanish
1209,fiesta,6,spanish
1210,simplemente,11,spanish
1211,enrique,7,spanish
1212,aceite,6,spanish
1213,establecer,10,spanish
1215,eres,4,spanish
1216,locales,7,spanish
1218,pobre,5,spanish
1221,parlamento,10,spanish
1222,territorio,10,spanish
1223,sale,4,spanish
1224,treinta,7,spanish
1225,coche,5,spanish
1226,clases,6,spanish
1227,afirma,6,spanish
1228,oficiales,9,spanish
1231,respeto,7,spanish
1232,tratado,7,spanish
1233,llevaba,7,spanish
1234,revista,7,spanish
1235,copa,4,spanish
1236,pintura,7,spanish
1237,nombres,7,spanish
1239,leche,5,spanish
1240,actualidad,10,spanish
1241,constituye,10,spanish
1242,tarea,5,spanish
1243,alcanzar,8,spanish
1244,competencia,11,spanish
1245,normas,6,spanish
1246,plata,5,spanish
1247,vecinos,7,spanish
1250,dando,5,spanish
1251,diputados,9,spanish
1252,judicial,8,spanish
1253,cualquiera,10,spanish
1255,jornada,7,spanish
1256,italia,6,spanish
1257,ganar,5,spanish
1258,candidato,9,spanish
1259,calor,5,spanish
1260,esperanza,9,spanish
1262,suele,5,spanish
1263,miles,5,spanish
1264,ritmo,5,spanish
1265,vive,4,spanish
1267,pasos,5,spanish
1270,presidencia,11,spanish
1271,triunfo,7,spanish
1272,ayuntamiento,12,spanish
1273,plantas,7,spanish
1276,tono,4,spanish
1278,quieren,7,spanish
1279,pesos,5,spanish
1280,delante,7,spanish
1281,propias,7,spanish
1282,plano,5,spanish
1283,enfermedades,12,spanish
1285,edificio,8,spanish
1286,nota,4,spanish
1287,franco,6,spanish
1288,jugar,5,spanish
1290,representa,10,spanish
1291,gesto,5,spanish
1292,mensaje,7,spanish
1293,vasco,5,spanish
1294,pudiera,7,spanish
1296,influencia,10,spanish
1297,pocas,5,spanish
1298,realizado,9,spanish
1299,conducta,8,spanish
1300,objetos,7,spanish
1302,provincia,9,spanish
1303,europeo,7,spanish
1304,verde,5,spanish
1306,escribir,8,spanish
1307,materiales,10,spanish
1308,eduardo,7,spanish
1309,cumplir,7,spanish
1311,alumnos,7,spanish
1313,muertos,7,spanish
1314,explica,7,spanish
1315,consecuencias,13,spanish
1316,refiere,7,spanish
1317,comer,5,spanish
1318,fines,5,spanish
1320,abierto,7,spanish
1321,debate,6,spanish
1322,barrio,6,spanish
1323,labor,5,spanish
1324,fondos,6,spanish
1325,justo,5,spanish
1327,diferente,9,spanish
1328,piensa,6,spanish
1330,mantiene,8,spanish
1331,situaciones,11,spanish
1332,fase,4,spanish
1334,agentes,7,spanish
1335,planta,6,spanish
1336,venezuela,9,spanish
1339,iban,4,spanish
1340,actos,5,spanish
1341,posibles,8,spanish
1344,velocidad,9,spanish
1345,familiares,10,spanish
1346,especies,8,spanish
1347,cabe,4,spanish
1348,asamblea,8,spanish
1349,comunidades,11,spanish
1350,museo,5,spanish
1351,conferencia,11,spanish
1353,autoridad,9,spanish
1354,sujeto,6,spanish
1355,alfonso,7,spanish
1356,tratar,6,spanish
1357,hacerse,7,spanish
1359,dificultades,12,spanish
1360,rato,4,spanish
1361,pagar,5,spanish
1362,colegio,7,spanish
1363,sabes,5,spanish
1365,personaje,9,spanish
1367,audiencia,9,spanish
1368,doce,4,spanish
1369,haga,4,spanish
1373,ausencia,8,spanish
1374,entrevista,10,spanish
1377,cocina,6,spanish
1380,naturales,9,spanish
1381,parecer,7,spanish
1382,santo,5,spanish
1383,vieja,5,spanish
1384,mario,5,spanish
1385,corresponde,11,spanish
1388,llegada,7,spanish
1389,comienza,8,spanish
1390,organizaciones,14,spanish
1391,tendencia,9,spanish
1392,escenario,9,spanish
1393,definitiva,10,spanish
1396,noticia,7,spanish
1398,reina,5,spanish
1399,ustedes,7,spanish
1400,madera,6,spanish
1402,habitantes,10,spanish
1403,recibir,7,spanish
1404,salvo,5,spanish
1405,familias,8,spanish
1406,miembro,7,spanish
1407,escritor,8,spanish
1408,conoce,6,spanish
1409,cuidado,7,spanish
1410,identidad,9,spanish
1411,quiso,5,spanish
1412,pareja,6,spanish
1413,evidente,8,spanish
1414,brasil,6,spanish
1415,ciertos,7,spanish
1416,siguen,6,spanish
1418,cadena,6,spanish
1419,acaba,5,spanish
1420,consiste,8,spanish
1422,cuentas,7,spanish
1423,azul,4,spanish
1425,puertas,7,spanish
1426,comida,6,spanish
1427,inmediato,9,spanish
1428,marca,5,spanish
1429,antiguo,7,spanish
1430,rojo,4,spanish
1431,debemos,7,spanish
1432,instante,8,spanish
1433,operaciones,11,spanish
1434,iniciativa,10,spanish
1435,caer,4,spanish
1436,luna,4,spanish
1438,VERDADERO,9,spanish
1442,quedado,7,spanish
1443,martes,6,spanish
1444,pleno,5,spanish
1446,juegos,6,spanish
1450,transporte,10,spanish
1452,pretende,8,spanish
1453,tantas,6,spanish
1454,sede,4,spanish
1455,comportamiento,14,spanish
1456,periodistas,11,spanish
1457,animal,6,spanish
1458,convertido,10,spanish
1459,brazo,5,spanish
1460,hermanos,8,spanish
1461,rico,4,spanish
1463,presupuesto,11,spanish
1464,estrategia,10,spanish
1465,naciones,8,spanish
1466,utilizar,8,spanish
1467,buenas,6,spanish
1468,compromiso,10,spanish
1469,acaso,5,spanish
1470,completo,8,spanish
1471,pelo,4,spanish
1472,piedra,6,spanish
1473,medicina,8,spanish
1474,campos,6,spanish
1475,liga,4,spanish
1476,vaya,4,spanish
1478,permanente,10,spanish
1482,tierras,7,spanish
1483,error,5,spanish
1484,incremento,10,spanish
1485,piso,4,spanish
1486,socialistas,11,spanish
1487,similar,7,spanish
1488,viento,6,spanish
1489,salvador,8,spanish
1490,seres,5,spanish
1491,posteriormente,14,spanish
1492,dispuesto,9,spanish
1493,poeta,5,spanish
1495,secreto,7,spanish
1496,funcionamiento,14,spanish
1497,debajo,6,spanish
1498,recordar,8,spanish
1499,valencia,8,spanish
1501,jueves,6,spanish
1502,corriente,9,spanish
1503,ingresos,8,spanish
1504,intento,7,spanish
1505,tuvieron,8,spanish
1506,colores,7,spanish
1507,altos,5,spanish
1508,sevilla,7,spanish
1509,hojas,5,spanish
1510,probablemente,13,spanish
1513,oferta,6,spanish
1514,washington,10,spanish
1516,oficina,7,spanish
1517,produjo,7,spanish
1518,soldados,8,spanish
1519,pasada,6,spanish
1520,volumen,7,spanish
1521,parecen,7,spanish
1522,causas,6,spanish
1523,dieron,6,spanish
1525,darle,5,spanish
1526,clave,5,spanish
1528,reciente,8,spanish
1529,votos,5,spanish
1531,piernas,7,spanish
1532,sirve,5,spanish
1533,carmen,6,spanish
1534,deuda,5,spanish
1535,noticias,8,spanish
1536,menores,7,spanish
1537,querido,7,spanish
1538,pago,4,spanish
1540,recuerda,8,spanish
1542,independencia,13,spanish
1543,ataque,6,spanish
1544,igualmente,10,spanish
1545,necesaria,9,spanish
1546,quedan,6,spanish
1547,regional,8,spanish
1548,castro,6,spanish
1549,decisiones,10,spanish
1551,llegaron,8,spanish
1552,siente,6,spanish
1553,juntos,6,spanish
1554,sabemos,7,spanish
1555,ropa,4,spanish
1556,parque,6,spanish
1557,empresarios,11,spanish
1558,conmigo,7,spanish
1559,procedimiento,13,spanish
1560,suma,4,spanish
1562,leer,4,spanish
1563,feliz,5,spanish
1564,ninguno,7,spanish
1566,ministros,9,spanish
1567,verdadera,9,spanish
1570,tanta,5,spanish
1572,mente,5,spanish
1573,tradicional,11,spanish
1574,abierta,7,spanish
1575,breve,5,spanish
1576,aparecen,8,spanish
1577,trataba,7,spanish
1578,recibido,8,spanish
1579,mejorar,7,spanish
1580,ciertas,7,spanish
1581,aparte,6,spanish
1583,entidad,7,spanish
1584,investigaciones,15,spanish
1585,temperatura,11,spanish
1586,siento,6,spanish
1587,londres,7,spanish
1588,directa,7,spanish
1589,portavoz,8,spanish
1591,responsables,12,spanish
1592,ventana,7,spanish
1593,contrato,8,spanish
1594,elemento,8,spanish
1595,privada,7,spanish
1596,quince,6,spanish
1599,firma,5,spanish
1600,incluye,7,spanish
1601,pobres,6,spanish
1603,abogado,7,spanish
1604,presentar,9,spanish
1605,gobernador,10,spanish
1607,jaime,5,spanish
1608,hablando,8,spanish
1609,canal,5,spanish
1612,personalidad,12,spanish
1615,documentos,10,spanish
1617,vivo,4,spanish
1619,preguntas,9,spanish
1620,inmediatamente,14,spanish
1621,cien,4,spanish
1623,hermana,7,spanish
1624,conde,5,spanish
1627,cincuenta,9,spanish
1628,sorpresa,8,spanish
1629,regiones,8,spanish
1630,carga,5,spanish
1631,bienes,6,spanish
1632,masa,4,spanish
1633,cartas,6,spanish
1634,reyes,5,spanish
1635,principalmente,14,spanish
1636,puestos,7,spanish
1637,sombra,6,spanish
1639,criterios,9,spanish
1640,abrir,5,spanish
1641,cuyos,5,spanish
1644,negra,5,spanish
1645,margen,6,spanish
1646,artista,7,spanish
1647,constante,9,spanish
1648,encontraba,10,spanish
1649,gastos,6,spanish
1650,morir,5,spanish
1651,espacios,8,spanish
1652,figuras,7,spanish
1654,venido,6,spanish
1655,indica,6,spanish
1656,comienzo,8,spanish
1658,cuarenta,8,spanish
1662,planes,6,spanish
1664,negocios,8,spanish
1667,entrega,7,spanish
1668,hacienda,8,spanish
1669,acuerdos,8,spanish
1670,preciso,7,spanish
1671,cuello,6,spanish
1672,banda,5,spanish
1673,suyo,4,spanish
1674,realiza,7,spanish
1675,frase,5,spanish
1676,bases,5,spanish
1677,siglos,6,spanish
1678,decidido,8,spanish
1679,sentir,6,spanish
1680,artistas,8,spanish
1681,asegura,7,spanish
1682,culpa,5,spanish
1683,original,8,spanish
1685,unidades,8,spanish
1687,sexo,4,spanish
1688,entra,5,spanish
1689,hayan,5,spanish
1690,resolver,8,spanish
1692,caja,4,spanish
1693,considerar,10,spanish
1694,extranjeros,11,spanish
1695,extremo,7,spanish
1696,periodista,10,spanish
1698,matrimonio,10,spanish
1699,quieres,7,spanish
1703,laboral,7,spanish
1704,importa,7,spanish
1706,negocio,7,spanish
1707,sexual,6,spanish
1710,labios,6,spanish
1714,depende,7,spanish
1715,diego,5,spanish
1716,actor,5,spanish
1718,belleza,7,spanish
1719,titular,7,spanish
1720,roma,4,spanish
1721,logrado,7,spanish
1723,detalles,8,spanish
1724,europeos,8,spanish
1725,caballo,7,spanish
1726,huelga,6,spanish
1727,carretera,9,spanish
1728,norteamericano,14,spanish
1729,producir,8,spanish
1730,antigua,7,spanish
1731,alianza,7,spanish
1733,sacar,5,spanish
1734,publicidad,10,spanish
1735,previsto,8,spanish
1736,entorno,7,spanish
1738,resistencia,11,spanish
1741,saben,5,spanish
1742,generalmente,12,spanish
1744,dormir,6,spanish
1745,individuo,9,spanish
1746,cuerpos,7,spanish
1747,corto,5,spanish
1748,organismos,10,spanish
1749,especiales,10,spanish
1750,internet,8,spanish
1751,bancos,6,spanish
1752,jugador,7,spanish
1753,esfuerzos,9,spanish
1754,beneficios,10,spanish
1755,terminar,8,spanish
1756,equilibrio,10,spanish
1758,lectura,7,spanish
1759,piezas,6,spanish
1761,aproximadamente,15,spanish
1762,abre,4,spanish
1763,david,5,spanish
1764,llevado,7,spanish
1765,privado,7,spanish
1767,roberto,7,spanish
1768,actuales,8,spanish
1769,graves,6,spanish
1770,sonrisa,7,spanish
1772,foto,4,spanish
1773,perspectiva,11,spanish
1774,cifra,5,spanish
1776,interesante,11,spanish
1777,constitucional,14,spanish
1778,aceptar,7,spanish
1779,producido,9,spanish
1780,bolsa,5,spanish
1781,factor,6,spanish
1782,noches,6,spanish
1783,reconocimiento,14,spanish
1784,juventud,8,spanish
1785,habitual,8,spanish
1787,requiere,8,spanish
1788,fuese,5,spanish
1790,llamar,6,spanish
1791,duro,4,spanish
1792,universal,9,spanish
1793,explicar,8,spanish
1794,presentan,9,spanish
1798,serio,5,spanish
1800,comprender,10,spanish
1801,reino,5,spanish
1806,fuertes,7,spanish
1807,sonido,6,spanish
1808,inteligencia,12,spanish
1810,establece,9,spanish
1811,hubiese,7,spanish
1812,plena,5,spanish
1815,aznar,5,spanish
1816,daniel,6,spanish
1817,francesa,8,spanish
1818,legal,5,spanish
1822,ocurrido,8,spanish
1824,vuelto,6,spanish
1825,diputado,8,spanish
1826,correspondiente,15,spanish
1827,interna,7,spanish
1828,musical,7,spanish
1829,segundos,8,spanish
1830,recientemente,13,spanish
1831,empieza,7,spanish
1832,decreto,7,spanish
1833,china,5,spanish
1836,suelen,6,spanish
1837,perfectamente,13,spanish
1839,inversiones,11,spanish
1841,espalda,7,spanish
1842,producen,8,spanish
1845,sucede,6,spanish
1846,contexto,8,spanish
1847,claramente,10,spanish
1848,paredes,7,spanish
1849,motivos,7,spanish
1850,ciencias,8,spanish
1851,tuve,4,spanish
1852,isabel,6,spanish
1853,argentino,9,spanish
1854,inicio,6,spanish
1855,mercados,8,spanish
1857,estudiar,8,spanish
1859,culturales,10,spanish
1861,llevan,6,spanish
1862,amplio,6,spanish
1863,queremos,8,spanish
1864,apertura,8,spanish
1865,dedos,5,spanish
1866,vale,4,spanish
1867,creer,5,spanish
1868,voto,4,spanish
1869,participar,10,spanish
1872,teresa,6,spanish
1874,voces,5,spanish
1875,pienso,6,spanish
1877,inicial,7,spanish
1878,escala,6,spanish
1879,estrellas,9,spanish
1881,guatemala,9,spanish
1882,temor,5,spanish
1883,encontrado,10,spanish
1884,compra,6,spanish
1886,dudas,5,spanish
1887,reconocer,9,spanish
1889,actuar,6,spanish
1890,reales,6,spanish
1891,universo,8,spanish
1892,directo,7,spanish
1893,negociaciones,13,spanish
1894,ricardo,7,spanish
1895,instalaciones,13,spanish
1897,aparato,7,spanish
1898,lleno,5,spanish
1899,intelectual,11,spanish
1900,cifras,6,spanish
1903,ciclo,5,spanish
1904,valle,5,spanish
1905,pensaba,7,spanish
1906,forman,6,spanish
1907,dirigente,9,spanish
1908,pide,4,spanish
1910,cuestiones,10,spanish
1911,puesta,6,spanish
1913,ruiz,4,spanish
1915,pecho,5,spanish
1916,honor,5,spanish
1917,pedir,5,spanish
1918,formar,6,spanish
1919,numerosos,9,spanish
1920,seguramente,11,spanish
1922,recurso,7,spanish
1923,independiente,13,spanish
1924,posiciones,10,spanish
1925,sociedades,10,spanish
1926,exteriores,10,spanish
1927,cita,4,spanish
1928,periodo,7,spanish
1929,propuestas,10,spanish
1930,empleados,9,spanish
1931,teniendo,8,spanish
1932,agencia,7,spanish
1933,cuadros,7,spanish
1934,partida,7,spanish
1937,mirar,5,spanish
1938,rica,4,spanish
1939,mexicano,8,spanish
1940,modelos,7,spanish
1941,regreso,7,spanish
1942,gobiernos,9,spanish
1943,constituyen,11,spanish
1944,absoluta,8,spanish
1945,clima,5,spanish
1946,criterio,8,spanish
1947,latina,6,spanish
1949,punta,5,spanish
1950,amplia,6,spanish
1951,registro,8,spanish
1953,patria,6,spanish
1954,posee,5,spanish
1956,servir,6,spanish
1957,lluvia,6,spanish
1958,ganado,6,spanish
1959,pasando,7,spanish
1960,construir,9,spanish
1961,completa,8,spanish
1962,personales,10,spanish
1963,reducir,7,spanish
1964,desarrollar,11,spanish
1965,alcance,7,spanish
1966,deporte,7,spanish
1967,pacto,5,spanish
1969,quedaba,7,spanish
1970,vicepresidente,14,spanish
1971,alcohol,7,spanish
1974,inferior,8,spanish
1975,tasa,4,spanish
1976,expertos,8,spanish
1977,extranjero,10,spanish
1978,diciendo,8,spanish
1979,olvidar,7,spanish
1980,presentes,9,spanish
1981,pensando,8,spanish
1982,esperaba,8,spanish
1986,batalla,7,spanish
1987,alternativa,11,spanish
1988,nacido,6,spanish
1990,penal,5,spanish
1991,llena,5,spanish
1993,hablaba,7,spanish
1994,turismo,7,spanish
1995,papeles,7,spanish
1996,menudo,6,spanish
1997,angel,5,spanish
1998,papa,4,spanish
1999,populares,9,spanish
2003,determinado,11,spanish
2004,convertirse,11,spanish
2005,global,6,spanish
2007,instrumento,11,spanish
2008,dura,4,spanish
2009,significado,11,spanish
2010,intensidad,10,spanish
2011,posterior,9,spanish
2014,nuevamente,10,spanish
2015,hierro,6,spanish
2016,seguido,7,spanish
2017,once,4,spanish
2018,conseguido,10,spanish
2020,soledad,7,spanish
2021,mirando,7,spanish
2022,presentado,10,spanish
2023,instrumentos,12,spanish
2024,supo,4,spanish
2025,disco,5,spanish
2026,festival,8,spanish
2027,llegan,6,spanish
2028,mezcla,6,spanish
2029,drogas,6,spanish
2030,vivienda,8,spanish
2032,escuchar,8,spanish
2033,coronel,7,spanish
2034,completamente,13,spanish
2035,ideal,5,spanish
2037,textos,6,spanish
2038,hambre,6,spanish
2039,solidaridad,11,spanish
2040,vicente,7,spanish
2041,continuar,9,spanish
2042,porcentaje,10,spanish
2043,artes,5,spanish
2044,vienen,6,spanish
2046,villa,5,spanish
2048,nicaragua,9,spanish
2050,lector,6,spanish
2051,estructuras,11,spanish
2052,venir,5,spanish
2053,castillo,8,spanish
2056,sindicatos,10,spanish
2058,amenaza,7,spanish
2059,representante,13,spanish
2060,comerciales,11,spanish
2061,puedes,6,spanish
2062,planeta,7,spanish
2064,beneficio,9,spanish
2065,miami,5,spanish
2066,buscando,8,spanish
2067,sentimientos,12,spanish
2068,comprar,7,spanish
2069,quedar,6,spanish
2070,accidente,9,spanish
2071,ventaja,7,spanish
2072,impuesto,8,spanish
2073,dejando,7,spanish
2074,distinto,8,spanish
2076,semejante,9,spanish
2078,occidental,10,spanish
2079,capaces,7,spanish
2081,tengan,6,spanish
2082,ruido,5,spanish
2083,individuos,10,spanish
2085,vestido,7,spanish
2086,comunista,9,spanish
2087,moda,4,spanish
2090,experiencias,12,spanish
2091,espejo,6,spanish
2092,puente,6,spanish
2093,ingreso,7,spanish
2096,convierte,9,spanish
2097,viejos,6,spanish
2098,empezar,7,spanish
2099,profesores,10,spanish
2101,basta,5,spanish
2104,dijeron,7,spanish
2105,comunes,7,spanish
2106,sentimiento,11,spanish
2107,sentencia,9,spanish
2108,estatal,7,spanish
2109,madrugada,9,spanish
2110,moderna,7,spanish
2111,impacto,7,spanish
2112,complejo,8,spanish
2113,denuncia,8,spanish
2114,toro,4,spanish
2116,tabla,5,spanish
2117,delito,6,spanish
2118,ventas,6,spanish
2119,dominio,7,spanish
2120,entidades,9,spanish
2121,superiores,10,spanish
2122,candidatos,10,spanish
2123,gloria,6,spanish
2125,indios,6,spanish
2127,john,4,spanish
2130,absoluto,8,spanish
2131,agricultura,11,spanish
2132,marcos,6,spanish
2137,fueran,6,spanish
2138,asistencia,10,spanish
2140,torres,6,spanish
2142,triste,6,spanish
2144,enfermo,7,spanish
2145,cuyas,5,spanish
2148,placer,6,spanish
2149,humor,5,spanish
2150,mecanismos,10,spanish
2151,cerebro,7,spanish
2152,caliente,8,spanish
2153,excelente,9,spanish
2154,darse,5,spanish
2155,conocimientos,13,spanish
2158,ganas,5,spanish
2160,profunda,8,spanish
2161,manifestaciones,15,spanish
2162,dosis,5,spanish
2164,paro,4,spanish
2165,profundo,8,spanish
2166,conceptos,9,spanish
2168,altas,5,spanish
2169,pared,5,spanish
2171,estrella,8,spanish
2173,perro,5,spanish
2174,intentar,8,spanish
2175,aumentar,8,spanish
2176,asesinato,9,spanish
2178,ignacio,7,spanish
2179,roja,4,spanish
2180,permiten,8,spanish
2181,despacho,8,spanish
2183,poca,4,spanish
2184,recibe,6,spanish
2185,muchacho,8,spanish
2186,considerado,11,spanish
2187,conversaciones,14,spanish
2190,viven,5,spanish
2191,consideran,10,spanish
2192,restos,6,spanish
2193,tomado,6,spanish
2194,estadio,7,spanish
2195,actores,7,spanish
2197,conviene,8,spanish
2198,errores,7,spanish
2199,negros,6,spanish
2200,humanidad,9,spanish
2201,individual,10,spanish
2202,hogar,5,spanish
2203,conocida,8,spanish
2204,acontecimientos,15,spanish
2205,minuto,6,spanish
2207,pantalla,8,spanish
2208,estadounidense,14,spanish
2209,progreso,8,spanish
2211,pieza,5,spanish
2212,firme,5,spanish
2213,fundamentales,13,spanish
2214,olor,4,spanish
2215,gracia,6,spanish
2217,esencial,8,spanish
2218,exige,5,spanish
2219,viva,4,spanish
2220,norteamericana,14,spanish
2221,nacimiento,10,spanish
2222,polvo,5,spanish
2223,castilla,8,spanish
2224,fundamentalmente,16,spanish
2225,impuestos,9,spanish
2226,implica,7,spanish
2227,utiliza,7,spanish
2228,totalidad,9,spanish
2230,italiano,8,spanish
2231,postura,7,spanish
2232,clientes,8,spanish
2233,luces,5,spanish
2234,encontramos,11,spanish
2235,liberal,7,spanish
2236,interno,7,spanish
2237,dientes,7,spanish
2238,sesenta,7,spanish
2239,exactamente,11,spanish
2241,cuento,6,spanish
2242,virus,5,spanish
2243,tareas,6,spanish
2246,funcionario,11,spanish
2248,residencia,10,spanish
2249,absolutamente,13,spanish
2250,dolores,7,spanish
2254,caminos,7,spanish
2255,torneo,6,spanish
2256,acabar,6,spanish
2258,fracaso,7,spanish
2259,recorrido,9,spanish
2260,contiene,8,spanish
2261,eficacia,8,spanish
2264,inglaterra,10,spanish
2265,concreto,8,spanish
2266,determinar,10,spanish
2267,haberse,7,spanish
2268,reglas,6,spanish
2269,clinton,7,spanish
2272,localidad,9,spanish
2273,escuelas,8,spanish
2274,distinta,8,spanish
2275,seguida,7,spanish
2276,paisaje,7,spanish
2277,comprobar,9,spanish
2278,numerosas,9,spanish
2279,creciente,9,spanish
2283,crimen,6,spanish
2285,pintor,6,spanish
2286,suya,4,spanish
2287,definitivamente,15,spanish
2288,propiedades,11,spanish
2289,cierre,6,spanish
2290,jueces,6,spanish
2291,ofrecer,7,spanish
2293,frontera,8,spanish
2294,virgen,6,spanish
2296,municipales,11,spanish
2297,marina,6,spanish
2298,abuela,6,spanish
2299,componentes,11,spanish
2300,adecuada,8,spanish
2302,esperando,9,spanish
2303,oscuro,6,spanish
2304,parecido,8,spanish
2305,detenido,8,spanish
2306,gasto,5,spanish
2307,malo,4,spanish
2308,pura,4,spanish
2309,investigadores,14,spanish
2310,cargos,6,spanish
2312,pasaba,6,spanish
2313,abandonar,9,spanish
2314,sierra,6,spanish
2315,lima,4,spanish
2318,pausa,5,spanish
2321,siguiendo,9,spanish
2323,habana,6,spanish
2326,editorial,9,spanish
2329,playa,5,spanish
2330,invierno,8,spanish
2331,convenio,8,spanish
2332,infantil,8,spanish
2334,horno,5,spanish
2336,elegido,7,spanish
2337,concurso,8,spanish
2339,probable,8,spanish
2340,observar,8,spanish
2342,reconoce,8,spanish
2343,anual,5,spanish
2344,trabajando,10,spanish
2345,responde,8,spanish
2346,tren,4,spanish
2347,presidencial,12,spanish
2349,interesa,8,spanish
2350,supremo,7,spanish
2351,enemigo,7,spanish
2352,respectivamente,15,spanish
2353,dificultad,10,spanish
2354,similares,9,spanish
2355,entiende,8,spanish
2356,morales,7,spanish
2358,norma,5,spanish
2359,mental,6,spanish
2360,soluciones,10,spanish
2361,adecuado,8,spanish
2363,santos,6,spanish
2364,amistad,7,spanish
2365,derrota,7,spanish
2367,positivo,8,spanish
2371,embajador,9,spanish
2373,dulce,5,spanish
2374,promedio,8,spanish
2375,letras,6,spanish
2376,cuesta,6,spanish
2377,academia,8,spanish
2378,mando,5,spanish
2379,costumbre,9,spanish
2380,colectivo,9,spanish
2381,piedras,7,spanish
2382,rasgos,6,spanish
2383,industriales,12,spanish
2385,protesta,8,spanish
2386,viajes,6,spanish
2387,chica,5,spanish
2389,moneda,6,spanish
2391,comunicado,10,spanish
2392,mantenimiento,13,spanish
2394,manejo,6,spanish
2396,patrimonio,10,spanish
2397,exclusivamente,14,spanish
2398,antiguos,8,spanish
2399,universidades,13,spanish
2400,frecuente,9,spanish
2401,oficio,6,spanish
2402,ayudar,6,spanish
2403,pedido,6,spanish
2404,superar,7,spanish
2405,auto,4,spanish
2406,relato,6,spanish
2407,unido,5,spanish
2408,sentado,7,spanish
2409,quisiera,8,spanish
2410,detalle,7,spanish
2411,quedaron,8,spanish
2412,obligado,8,spanish
2413,libres,6,spanish
2416,aeropuerto,10,spanish
2417,pobreza,7,spanish
2419,cumbre,6,spanish
2421,cubano,6,spanish
2422,solar,5,spanish
2423,costo,5,spanish
2424,hubieran,8,spanish
2425,tesis,5,spanish
2427,armadas,7,spanish
2428,hice,4,spanish
2430,dada,4,spanish
2431,estabilidad,11,spanish
2432,vaso,4,spanish
2433,mecanismo,9,spanish
2434,escribe,7,spanish
2435,aprender,8,spanish
2436,cambiado,8,spanish
2437,bilbao,6,spanish
2438,naturalmente,12,spanish
2439,comandante,10,spanish
2440,potencia,8,spanish
2441,toros,5,spanish
2442,puro,4,spanish
2443,elegir,6,spanish
2444,facultad,8,spanish
2445,ocupa,5,spanish
2446,patio,5,spanish
2447,recuperar,9,spanish
2448,corta,5,spanish
2449,pase,4,spanish
2450,necesarios,10,spanish
2451,responder,9,spanish
2452,reuniones,9,spanish
2454,trabaja,7,spanish
2456,ingredientes,12,spanish
2457,descubrir,9,spanish
2458,viviendas,9,spanish
2461,tradicionales,13,spanish
2462,loco,4,spanish
2463,paseo,5,spanish
2464,arena,5,spanish
2467,esquema,7,spanish
2468,creado,6,spanish
2469,utilizado,9,spanish
2470,establecido,11,spanish
2471,concierto,9,spanish
2473,enfermos,8,spanish
2474,rechazo,7,spanish
2475,salido,6,spanish
2476,dejan,5,spanish
2477,israel,6,spanish
2478,consciente,10,spanish
2479,propone,7,spanish
2480,manifiesto,10,spanish
2481,publicado,9,spanish
2482,ejemplos,8,spanish
2483,llamaba,7,spanish
2484,barco,5,spanish
2485,usar,4,spanish
2486,signo,5,spanish
2487,afecta,6,spanish
2489,riqueza,7,spanish
2491,quiera,6,spanish
2492,disciplina,10,spanish
2493,vemos,5,spanish
2494,felicidad,9,spanish
2495,mejora,6,spanish
2496,dirige,6,spanish
2497,correr,6,spanish
2499,oscar,5,spanish
2502,notable,7,spanish
2503,pista,5,spanish
2505,marta,5,spanish
2506,realizada,9,spanish
2507,aplicar,7,spanish
2508,cena,4,spanish
2510,enviado,7,spanish
2511,modos,5,spanish
2512,fortuna,7,spanish
2513,conflictos,10,spanish
2514,infancia,8,spanish
2516,campesinos,10,spanish
2517,tercero,7,spanish
2518,desea,5,spanish
2519,sida,4,spanish
2521,oriente,7,spanish
2523,eficaz,6,spanish
2524,exceso,6,spanish
2525,evidencia,9,spanish
2526,poderes,7,spanish
2527,demostrar,9,spanish
2528,muestran,8,spanish
2529,protagonista,12,spanish
2530,alcanza,7,spanish
2531,recuerdos,9,spanish
2533,dictadura,9,spanish
2534,observa,7,spanish
2536,pasan,5,spanish
2537,ortega,6,spanish
2538,claridad,8,spanish
2539,estuviera,9,spanish
2540,consulta,8,spanish
2541,financiero,10,spanish
2543,senado,6,spanish
2544,tropas,6,spanish
2545,mexicana,8,spanish
2546,correspondientes,16,spanish
2548,vuelo,5,spanish
2549,imperio,7,spanish
2550,gana,4,spanish
2551,agente,6,spanish
2552,respuestas,10,spanish
2553,civiles,7,spanish
2554,pierde,6,spanish
2555,moderno,7,spanish
2556,homenaje,8,spanish
2557,establecimiento,15,spanish
2558,crea,4,spanish
2559,fiestas,7,spanish
2561,controlar,9,spanish
2562,tratando,8,spanish
2563,intenta,7,spanish
2565,reserva,7,spanish
2566,silla,5,spanish
2567,franceses,9,spanish
2568,expresa,7,spanish
2570,virtud,6,spanish
2572,huevos,6,spanish
2574,descenso,8,spanish
2575,terrorismo,10,spanish
2576,ecuador,7,spanish
2577,chico,5,spanish
2578,segura,6,spanish
2581,lentamente,10,spanish
2582,historias,9,spanish
2583,galicia,7,spanish
2587,hago,4,spanish
2588,apartado,8,spanish
2589,feria,5,spanish
2590,rueda,5,spanish
2591,usuarios,8,spanish
2593,emilio,6,spanish
2594,cumplimiento,12,spanish
2598,verse,5,spanish
2599,anteriormente,13,spanish
2600,defender,8,spanish
2602,hecha,5,spanish
2603,remedio,7,spanish
2604,ponen,5,spanish
2605,debo,4,spanish
2606,procedimientos,14,spanish
2607,gritos,6,spanish
2609,norteamericanos,15,spanish
2610,rojas,5,spanish
2611,dirigido,8,spanish
2612,delitos,7,spanish
2613,avenida,7,spanish
2614,alonso,6,spanish
2615,obtuvo,6,spanish
2616,matar,5,spanish
2617,cortes,6,spanish
2618,grados,6,spanish
2619,previamente,11,spanish
2621,aprendizaje,11,spanish
2622,motor,5,spanish
2625,muchacha,8,spanish
2626,rumbo,5,spanish
2627,trato,5,spanish
2628,arquitectura,12,spanish
2629,querer,6,spanish
2630,encargado,9,spanish
2632,distrito,8,spanish
2635,campeonato,10,spanish
2636,gabriel,7,spanish
2637,maestros,8,spanish
2638,reformas,8,spanish
2641,contenidos,10,spanish
2642,sustancias,10,spanish
2643,regresar,8,spanish
2644,formado,7,spanish
2646,juzgado,7,spanish
2647,bolivia,7,spanish
2648,famoso,6,spanish
2649,avance,6,spanish
2650,particulares,12,spanish
2652,cerrar,6,spanish
2654,llamadas,8,spanish
2655,termina,7,spanish
2656,borde,5,spanish
2659,metro,5,spanish
2660,corrientes,10,spanish
2661,dedicado,8,spanish
2662,zaragoza,8,spanish
2663,creen,5,spanish
2664,continente,10,spanish
2665,ventajas,8,spanish
2667,orquesta,8,spanish
2669,analizar,8,spanish
2670,ernesto,7,spanish
2671,cuentan,7,spanish
2672,diarios,7,spanish
2674,actitudes,9,spanish
2675,bajar,5,spanish
2677,rusia,5,spanish
2680,cerrado,7,spanish
2681,descubierto,11,spanish
2682,urbano,6,spanish
2683,atentado,8,spanish
2684,deportivo,9,spanish
2685,viendo,6,spanish
2687,asociaciones,12,spanish
2689,hombros,7,spanish
2691,demostrado,10,spanish
2692,determinados,12,spanish
2693,mostrar,7,spanish
